elapsed,theme,blend,frame,leftward,foot_top_px,scene_x,scene_y
33.9429,1,0.0000,Moon_AnthroRabbit_Run_03_24x32,False,1496,-148,200
33.9941,1,0.0000,Moon_AnthroRabbit_Run_03_24x32,False,1500,-148,196
34.0449,1,0.0000,Moon_AnthroRabbit_Run_04_24x32,False,1500,-148,196
34.0956,1,0.0000,Moon_AnthroRabbit_Run_04_24x32,False,1500,-148,196
34.1466,1,0.0000,Moon_AnthroRabbit_Run_05_24x32,False,1500,-148,196
34.1970,1,0.0000,Moon_AnthroRabbit_Run_05_24x32,False,1500,-148,196
34.2477,1,0.0000,Moon_AnthroRabbit_Run_06_24x32,False,1500,-148,196
34.2984,1,0.0000,Moon_AnthroRabbit_Run_06_24x32,False,1500,-148,196
34.3494,1,0.0000,Moon_AnthroRabbit_Run_07_24x32,False,1500,-144,196
34.4005,1,0.0000,Moon_AnthroRabbit_Run_00_24x32,False,1500,-144,196
34.4513,1,0.0000,Moon_AnthroRabbit_Run_00_24x32,False,1500,-144,196
34.5015,1,0.0030,Moon_AnthroRabbit_Run_01_24x32,False,1500,-144,196
34.5518,1,0.1036,Moon_AnthroRabbit_Run_01_24x32,False,1500,-144,196
34.6027,1,0.2054,Moon_AnthroRabbit_Run_02_24x32,False,1500,-144,196
34.6535,1,0.3069,Moon_AnthroRabbit_Run_02_24x32,False,1500,-144,196
34.7036,1,0.4072,Moon_AnthroRabbit_Run_03_24x32,False,1504,-144,192
34.7529,1,0.5057,Moon_AnthroRabbit_Run_03_24x32,False,1504,-144,192
34.8051,1,0.6103,Moon_AnthroRabbit_Run_04_24x32,False,1504,-140,192
34.8564,1,0.7128,Moon_AnthroRabbit_Run_04_24x32,False,1504,-140,192
34.9076,1,0.8152,Moon_AnthroRabbit_Run_05_24x32,False,1504,-140,192
34.9584,1,0.9169,Moon_AnthroRabbit_Run_05_24x32,False,1504,-140,192
35.0092,2,0.0000,Moon_AnthroRabbit_Run_06_24x32,False,1500,-144,180
35.0602,2,0.0000,Moon_AnthroRabbit_Run_06_24x32,False,1500,-144,180
35.1104,2,0.0000,Moon_AnthroRabbit_Run_07_24x32,False,1500,-144,180
35.1614,2,0.0000,Moon_AnthroRabbit_Run_07_24x32,False,1500,-144,180
35.2122,2,0.0000,Moon_AnthroRabbit_Run_00_24x32,False,1500,-148,180
35.2628,2,0.0000,Moon_AnthroRabbit_Run_00_24x32,False,1500,-148,180
35.3135,2,0.0000,Moon_AnthroRabbit_Run_01_24x32,False,1500,-148,180
35.3635,2,0.0000,Moon_AnthroRabbit_Run_01_24x32,False,1500,-148,180
35.4140,2,0.0000,Moon_AnthroRabbit_Run_02_24x32,False,1500,-148,180
35.4652,2,0.0000,Moon_AnthroRabbit_Run_02_24x32,False,1500,-148,180
35.5155,2,0.0000,Moon_AnthroRabbit_Run_03_24x32,False,1500,-148,180
35.5656,2,0.0000,Moon_AnthroRabbit_Run_03_24x32,False,1496,-148,184
35.6164,2,0.0000,Moon_AnthroRabbit_Run_04_24x32,False,1496,-148,184
35.6669,2,0.0000,Moon_AnthroRabbit_Run_04_24x32,False,1496,-152,184
35.7177,2,0.0000,Moon_AnthroRabbit_Run_05_24x32,False,1496,-152,184
35.7690,2,0.0000,Moon_AnthroRabbit_Run_05_24x32,False,1496,-152,184
35.8190,2,0.0000,Moon_AnthroRabbit_Run_06_24x32,False,1496,-152,184
35.8697,2,0.0000,Moon_AnthroRabbit_Run_06_24x32,False,1496,-152,184
35.9212,2,0.0000,Moon_AnthroRabbit_Run_07_24x32,False,1496,-152,184
35.9721,2,0.0000,Moon_AnthroRabbit_Run_07_24x32,False,1496,-152,184
36.0230,2,0.0000,Moon_AnthroRabbit_Run_00_24x32,False,1496,-152,184
36.0737,2,0.0000,Moon_AnthroRabbit_Run_00_24x32,False,1496,-152,184
36.1242,2,0.0000,Moon_AnthroRabbit_Run_01_24x32,False,1496,-156,184
36.1749,2,0.0000,Moon_AnthroRabbit_Run_01_24x32,False,1496,-156,184
36.2250,2,0.0000,Moon_AnthroRabbit_Run_02_24x32,False,1492,-156,188
36.2760,2,0.0000,Moon_AnthroRabbit_Run_02_24x32,False,1492,-156,188
36.3264,2,0.0000,Moon_AnthroRabbit_Run_03_24x32,False,1492,-156,188
36.3772,2,0.0000,Moon_AnthroRabbit_Run_03_24x32,False,1492,-156,188
36.4279,2,0.0000,Moon_AnthroRabbit_Run_04_24x32,False,1492,-156,188
36.4786,2,0.0000,Moon_AnthroRabbit_Run_04_24x32,False,1492,-156,188
36.5296,2,0.0000,Moon_AnthroRabbit_Run_05_24x32,False,1492,-156,188
36.5809,2,0.0000,Moon_AnthroRabbit_Run_05_24x32,False,1492,-160,188
36.6312,2,0.0000,Moon_AnthroRabbit_Run_06_24x32,False,1492,-160,188
36.6821,2,0.0000,Moon_AnthroRabbit_Run_06_24x32,False,1492,-160,188
36.7327,2,0.0000,Moon_AnthroRabbit_Run_07_24x32,False,1492,-160,188
36.7844,2,0.0000,Moon_AnthroRabbit_Run_07_24x32,False,1492,-160,188
36.8358,2,0.0000,Moon_AnthroRabbit_Run_00_24x32,False,1492,-160,188
36.8865,2,0.0000,Moon_AnthroRabbit_Run_00_24x32,False,1492,-160,188
36.9377,2,0.0000,Moon_AnthroRabbit_Run_01_24x32,False,1488,-160,192
36.9885,2,0.0000,Moon_AnthroRabbit_Run_01_24x32,False,1488,-160,192
37.0394,2,0.0000,Moon_AnthroRabbit_Run_02_24x32,False,1488,-164,192
37.0904,2,0.0000,Moon_AnthroRabbit_Run_02_24x32,False,1488,-164,192
37.1410,2,0.0000,Moon_AnthroRabbit_Run_03_24x32,False,1488,-164,192
37.1914,2,0.0000,Moon_AnthroRabbit_Run_03_24x32,False,1488,-164,192
37.2413,2,0.0000,Moon_AnthroRabbit_Run_04_24x32,False,1488,-164,192
37.2926,2,0.0000,Moon_AnthroRabbit_Run_04_24x32,False,1488,-164,192
37.3460,2,0.0000,Moon_AnthroRabbit_Run_05_24x32,False,1488,-164,192
37.3971,2,0.0000,Moon_AnthroRabbit_Run_05_24x32,False,1488,-164,192
37.4478,2,0.0000,Moon_AnthroRabbit_Run_06_24x32,False,1488,-164,192
37.4988,2,0.0000,Moon_AnthroRabbit_Run_06_24x32,False,1488,-168,192
37.5495,2,0.0000,Moon_AnthroRabbit_Run_07_24x32,False,1488,-168,192
37.6004,2,0.0000,Moon_AnthroRabbit_Run_00_24x32,False,1484,-168,196
37.6511,2,0.0000,Moon_AnthroRabbit_Run_00_24x32,False,1484,-168,196
37.7015,2,0.0000,Moon_AnthroRabbit_Run_01_24x32,False,1484,-168,196
37.7518,2,0.0000,Moon_AnthroRabbit_Run_01_24x32,False,1484,-168,196
37.8022,2,0.0000,Moon_AnthroRabbit_Run_02_24x32,False,1484,-168,196
37.8530,2,0.0000,Moon_AnthroRabbit_Run_02_24x32,False,1484,-168,196
37.9037,2,0.0000,Moon_AnthroRabbit_Run_03_24x32,False,1484,-168,196
37.9546,2,0.0000,Moon_AnthroRabbit_Run_03_24x32,False,1484,-172,196
38.0053,2,0.0000,Moon_AnthroRabbit_Run_04_24x32,False,1484,-172,196
38.0533,2,0.0000,Moon_AnthroRabbit_Run_04_24x32,False,1484,-172,196
38.1078,2,0.0000,Moon_AnthroRabbit_Run_05_24x32,False,1484,-172,196
38.1584,2,0.0000,Moon_AnthroRabbit_Run_05_24x32,False,1484,-172,196
38.2089,2,0.0000,Moon_AnthroRabbit_Run_06_24x32,False,1484,-172,196
38.2587,2,0.0000,Moon_AnthroRabbit_Run_06_24x32,False,1484,-172,196
38.3092,2,0.0000,Moon_AnthroRabbit_Run_07_24x32,False,1480,-172,200
38.3592,2,0.0000,Moon_AnthroRabbit_Run_07_24x32,False,1480,-172,200
38.4099,2,0.0000,Moon_AnthroRabbit_Run_00_24x32,False,1480,-176,200
38.4598,2,0.0000,Moon_AnthroRabbit_Run_00_24x32,False,1480,-176,200
38.5105,2,0.0000,Moon_AnthroRabbit_Run_01_24x32,False,1480,-176,200
38.5617,2,0.0000,Moon_AnthroRabbit_Run_01_24x32,False,1480,-176,200
38.6126,2,0.0000,Moon_AnthroRabbit_Run_02_24x32,False,1480,-176,200
38.6630,2,0.0000,Moon_AnthroRabbit_Run_02_24x32,False,1480,-176,200
38.7131,2,0.0000,Moon_AnthroRabbit_Run_03_24x32,False,1480,-176,200
38.7631,2,0.0000,Moon_AnthroRabbit_Run_03_24x32,False,1480,-176,200
38.8138,2,0.0000,Moon_AnthroRabbit_Run_04_24x32,False,1480,-176,200
38.8642,2,0.0000,Moon_AnthroRabbit_Run_04_24x32,False,1480,-180,200
38.9148,2,0.0000,Moon_AnthroRabbit_Run_05_24x32,False,1480,-180,200
38.9650,2,0.0000,Moon_AnthroRabbit_Run_05_24x32,False,1480,-180,200
39.0160,2,0.0000,Moon_AnthroRabbit_Run_06_24x32,False,1476,-180,204
39.0667,2,0.0000,Moon_AnthroRabbit_Run_06_24x32,False,1476,-180,204
39.1175,2,0.0000,Moon_AnthroRabbit_Run_07_24x32,False,1476,-180,204
39.1683,2,0.0000,Moon_AnthroRabbit_Run_07_24x32,False,1476,-180,204
39.2196,2,0.0000,Moon_AnthroRabbit_Run_00_24x32,False,1476,-180,204
39.2696,2,0.0000,Moon_AnthroRabbit_Run_00_24x32,False,1476,-180,204
39.3206,2,0.0000,Moon_AnthroRabbit_Run_01_24x32,False,1476,-184,204
39.3709,2,0.0000,Moon_AnthroRabbit_Run_01_24x32,False,1476,-184,204
39.4213,2,0.0000,Moon_AnthroRabbit_Run_02_24x32,False,1476,-184,204
39.4724,2,0.0000,Moon_AnthroRabbit_Run_02_24x32,False,1476,-184,204
39.5233,2,0.0466,Moon_AnthroRabbit_Run_03_24x32,False,1476,-184,204
39.5743,2,0.1486,Moon_AnthroRabbit_Run_03_24x32,False,1476,-184,204
39.6255,2,0.2509,Moon_AnthroRabbit_Run_04_24x32,False,1476,-184,204
39.6758,2,0.3515,Moon_AnthroRabbit_Run_04_24x32,False,1472,-184,208
39.7273,2,0.4545,Moon_AnthroRabbit_Run_05_24x32,False,1472,-184,208
39.7780,2,0.5561,Moon_AnthroRabbit_Run_05_24x32,False,1472,-188,208
39.8279,2,0.6557,Moon_AnthroRabbit_Run_06_24x32,False,1472,-188,208
39.8792,2,0.7583,Moon_AnthroRabbit_Run_06_24x32,False,1472,-188,208
39.9294,2,0.8589,Moon_AnthroRabbit_Run_07_24x32,False,1472,-188,208
39.9798,2,0.9596,Moon_AnthroRabbit_Run_07_24x32,False,1472,-188,208
40.0300,3,0.0000,Moon_AnthroRabbit_Run_00_24x32,True,1476,-184,168
40.0811,3,0.0000,Moon_AnthroRabbit_Run_00_24x32,True,1476,-184,168
40.1311,3,0.0000,Moon_AnthroRabbit_Run_01_24x32,True,1476,-184,168
40.1817,3,0.0000,Moon_AnthroRabbit_Run_01_24x32,True,1476,-184,168
40.2328,3,0.0000,Moon_AnthroRabbit_Run_02_24x32,True,1476,-180,168
40.2839,3,0.0000,Moon_AnthroRabbit_Run_02_24x32,True,1476,-180,168
40.3339,3,0.0000,Moon_AnthroRabbit_Run_03_24x32,True,1476,-180,168
40.3849,3,0.0000,Moon_AnthroRabbit_Run_03_24x32,True,1476,-180,168
40.4362,3,0.0000,Moon_AnthroRabbit_Run_04_24x32,True,1476,-180,168
40.4869,3,0.0000,Moon_AnthroRabbit_Run_04_24x32,True,1476,-180,168
40.5381,3,0.0000,Moon_AnthroRabbit_Run_05_24x32,True,1480,-180,164
40.5888,3,0.0000,Moon_AnthroRabbit_Run_05_24x32,True,1480,-180,164
40.6401,3,0.0000,Moon_AnthroRabbit_Run_06_24x32,True,1480,-180,164
40.6907,3,0.0000,Moon_AnthroRabbit_Run_06_24x32,True,1480,-176,164
40.7418,3,0.0000,Moon_AnthroRabbit_Run_07_24x32,True,1480,-176,164
40.7927,3,0.0000,Moon_AnthroRabbit_Run_07_24x32,True,1480,-176,164
40.8439,3,0.0000,Moon_AnthroRabbit_Run_00_24x32,True,1480,-176,164
40.8940,3,0.0000,Moon_AnthroRabbit_Run_00_24x32,True,1480,-176,164
40.9443,3,0.0000,Moon_AnthroRabbit_Run_01_24x32,True,1480,-176,164
40.9948,3,0.0000,Moon_AnthroRabbit_Run_01_24x32,True,1480,-176,164
41.0446,3,0.0000,Moon_AnthroRabbit_Run_02_24x32,True,1480,-176,164
41.0995,3,0.0000,Moon_AnthroRabbit_Run_02_24x32,True,1480,-176,164
41.1508,3,0.0000,Moon_AnthroRabbit_Run_03_24x32,True,1480,-172,164
41.2051,3,0.0000,Moon_AnthroRabbit_Run_04_24x32,True,1480,-172,164
41.2551,3,0.0000,Moon_AnthroRabbit_Run_04_24x32,True,1484,-172,160
41.3050,3,0.0000,Moon_AnthroRabbit_Run_05_24x32,True,1484,-172,160
41.3564,3,0.0000,Moon_AnthroRabbit_Run_05_24x32,True,1484,-172,160
41.4065,3,0.0000,Moon_AnthroRabbit_Run_06_24x32,True,1484,-172,160
41.4566,3,0.0000,Moon_AnthroRabbit_Run_06_24x32,True,1484,-172,160
41.5074,3,0.0000,Moon_AnthroRabbit_Run_07_24x32,True,1484,-172,160
41.5579,3,0.0000,Moon_AnthroRabbit_Run_07_24x32,True,1484,-172,160
41.6079,3,0.0000,Moon_AnthroRabbit_Run_00_24x32,True,1484,-168,160
41.6585,3,0.0000,Moon_AnthroRabbit_Run_00_24x32,True,1484,-168,160
41.7091,3,0.0000,Moon_AnthroRabbit_Run_01_24x32,True,1484,-168,160
41.7598,3,0.0000,Moon_AnthroRabbit_Run_01_24x32,True,1484,-168,160
41.8107,3,0.0000,Moon_AnthroRabbit_Run_02_24x32,True,1484,-168,160
41.8620,3,0.0000,Moon_AnthroRabbit_Run_02_24x32,True,1484,-168,160
41.9092,3,0.0000,Moon_AnthroRabbit_Run_03_24x32,True,1488,-168,156
41.9649,3,0.0000,Moon_AnthroRabbit_Run_03_24x32,True,1488,-168,156
42.0157,3,0.0000,Moon_AnthroRabbit_Run_04_24x32,True,1488,-168,156
42.0669,3,0.0000,Moon_AnthroRabbit_Run_04_24x32,True,1488,-164,156
42.1172,3,0.0000,Moon_AnthroRabbit_Run_05_24x32,True,1488,-164,156
42.1672,3,0.0000,Moon_AnthroRabbit_Run_05_24x32,True,1488,-164,156
42.2175,3,0.0000,Moon_AnthroRabbit_Run_06_24x32,True,1488,-164,156
42.2679,3,0.0000,Moon_AnthroRabbit_Run_06_24x32,True,1488,-164,156
42.3183,3,0.0000,Moon_AnthroRabbit_Run_07_24x32,True,1488,-164,156
42.3693,3,0.0000,Moon_AnthroRabbit_Run_07_24x32,True,1488,-164,156
42.4192,3,0.0000,Moon_AnthroRabbit_Run_00_24x32,True,1488,-164,156
42.4716,3,0.0000,Moon_AnthroRabbit_Run_00_24x32,True,1488,-164,156
42.5232,3,0.0000,Moon_AnthroRabbit_Run_01_24x32,True,1488,-160,156
42.5740,3,0.0000,Moon_AnthroRabbit_Run_01_24x32,True,1488,-160,156
42.6247,3,0.0000,Moon_AnthroRabbit_Run_02_24x32,True,1492,-160,152
42.6755,3,0.0000,Moon_AnthroRabbit_Run_02_24x32,True,1492,-160,152
42.7263,3,0.0000,Moon_AnthroRabbit_Run_03_24x32,True,1492,-160,152
42.7774,3,0.0000,Moon_AnthroRabbit_Run_03_24x32,True,1492,-160,152
42.8276,3,0.0000,Moon_AnthroRabbit_Run_04_24x32,True,1492,-160,152
42.8777,3,0.0000,Moon_AnthroRabbit_Run_04_24x32,True,1492,-160,152
42.9247,3,0.0000,Moon_AnthroRabbit_Run_05_24x32,True,1492,-160,152
42.9782,3,0.0000,Moon_AnthroRabbit_Run_05_24x32,True,1492,-156,152
43.0291,3,0.0000,Moon_AnthroRabbit_Run_06_24x32,True,1492,-156,152
43.0799,3,0.0000,Moon_AnthroRabbit_Run_06_24x32,True,1492,-156,152
43.1300,3,0.0000,Moon_AnthroRabbit_Run_07_24x32,True,1492,-156,152
43.1802,3,0.0000,Moon_AnthroRabbit_Run_07_24x32,True,1492,-156,152
43.2309,3,0.0000,Moon_AnthroRabbit_Run_00_24x32,True,1492,-156,152
43.2810,3,0.0000,Moon_AnthroRabbit_Run_00_24x32,True,1492,-156,152
43.3317,3,0.0000,Moon_AnthroRabbit_Run_01_24x32,True,1496,-156,148
43.3832,3,0.0000,Moon_AnthroRabbit_Run_01_24x32,True,1496,-156,148
43.4344,3,0.0000,Moon_AnthroRabbit_Run_02_24x32,True,1496,-152,148
43.4852,3,0.0000,Moon_AnthroRabbit_Run_02_24x32,True,1496,-152,148
43.5358,3,0.0000,Moon_AnthroRabbit_Run_03_24x32,True,1496,-152,148
43.5865,3,0.0000,Moon_AnthroRabbit_Run_03_24x32,True,1496,-152,148
43.6375,3,0.0000,Moon_AnthroRabbit_Run_04_24x32,True,1496,-152,148
43.6879,3,0.0000,Moon_AnthroRabbit_Run_04_24x32,True,1496,-152,148
43.7383,3,0.0000,Moon_AnthroRabbit_Run_05_24x32,True,1496,-152,148
43.7886,3,0.0000,Moon_AnthroRabbit_Run_05_24x32,True,1496,-152,148
43.8389,3,0.0000,Moon_AnthroRabbit_Run_06_24x32,True,1496,-152,148
43.8891,3,0.0000,Moon_AnthroRabbit_Run_06_24x32,True,1496,-148,148
43.9404,3,0.0000,Moon_AnthroRabbit_Run_07_24x32,True,1496,-148,148
43.9913,3,0.0000,Moon_AnthroRabbit_Run_07_24x32,True,1500,-148,144
44.0419,3,0.0000,Moon_AnthroRabbit_Run_00_24x32,True,1500,-148,144
44.0919,3,0.0000,Moon_AnthroRabbit_Run_00_24x32,True,1500,-148,144
44.1422,3,0.0000,Moon_AnthroRabbit_Run_01_24x32,True,1500,-148,144
44.1931,3,0.0000,Moon_AnthroRabbit_Run_01_24x32,True,1500,-148,144
44.2438,3,0.0000,Moon_AnthroRabbit_Run_02_24x32,True,1500,-148,144
44.2962,3,0.0000,Moon_AnthroRabbit_Run_02_24x32,True,1500,-148,144
44.3465,3,0.0000,Moon_AnthroRabbit_Run_03_24x32,True,1500,-144,144
44.3977,3,0.0000,Moon_AnthroRabbit_Run_03_24x32,True,1500,-144,144
44.4480,3,0.0000,Moon_AnthroRabbit_Run_04_24x32,True,1500,-144,144
44.4985,3,0.0000,Moon_AnthroRabbit_Run_04_24x32,True,1500,-144,144
44.5488,3,0.0976,Moon_AnthroRabbit_Run_05_24x32,True,1500,-144,144
44.5998,3,0.1997,Moon_AnthroRabbit_Run_05_24x32,True,1500,-144,144
44.6502,3,0.3003,Moon_AnthroRabbit_Run_06_24x32,True,1500,-144,144
44.7007,3,0.4014,Moon_AnthroRabbit_Run_07_24x32,True,1504,-144,140
44.7516,3,0.5031,Moon_AnthroRabbit_Run_07_24x32,True,1504,-144,140
44.8017,3,0.6033,Moon_AnthroRabbit_Run_00_24x32,True,1504,-140,140
44.8519,3,0.7037,Moon_AnthroRabbit_Run_00_24x32,True,1504,-140,140
44.9031,3,0.8062,Moon_AnthroRabbit_Run_01_24x32,True,1504,-140,140
44.9510,3,0.9019,Moon_AnthroRabbit_Run_01_24x32,True,1504,-140,140
45.0087,4,0.0000,Moon_AnthroRabbit_Run_02_24x32,False,1500,-144,120
45.0599,4,0.0000,Moon_AnthroRabbit_Run_02_24x32,False,1500,-144,120
45.1072,4,0.0000,Moon_AnthroRabbit_Run_03_24x32,False,1500,-144,120
45.1635,4,0.0000,Moon_AnthroRabbit_Run_03_24x32,False,1500,-144,120
45.2139,4,0.0000,Moon_AnthroRabbit_Run_04_24x32,False,1500,-148,120
45.2638,4,0.0000,Moon_AnthroRabbit_Run_04_24x32,False,1500,-148,120
45.3143,4,0.0000,Moon_AnthroRabbit_Run_05_24x32,False,1500,-148,120
45.3649,4,0.0000,Moon_AnthroRabbit_Run_05_24x32,False,1500,-148,120
45.4155,4,0.0000,Moon_AnthroRabbit_Run_06_24x32,False,1500,-148,120
45.4668,4,0.0000,Moon_AnthroRabbit_Run_06_24x32,False,1500,-148,120
45.5176,4,0.0000,Moon_AnthroRabbit_Run_07_24x32,False,1500,-148,120
45.5687,4,0.0000,Moon_AnthroRabbit_Run_07_24x32,False,1496,-148,124
45.6194,4,0.0000,Moon_AnthroRabbit_Run_00_24x32,False,1496,-148,124
45.6697,4,0.0000,Moon_AnthroRabbit_Run_00_24x32,False,1496,-152,124
45.7200,4,0.0000,Moon_AnthroRabbit_Run_01_24x32,False,1496,-152,124
45.7704,4,0.0000,Moon_AnthroRabbit_Run_01_24x32,False,1496,-152,124
45.8209,4,0.0000,Moon_AnthroRabbit_Run_02_24x32,False,1496,-152,124
45.8722,4,0.0000,Moon_AnthroRabbit_Run_02_24x32,False,1496,-152,124
45.9232,4,0.0000,Moon_AnthroRabbit_Run_03_24x32,False,1496,-152,124
45.9708,4,0.0000,Moon_AnthroRabbit_Run_03_24x32,False,1496,-152,124
46.0243,4,0.0000,Moon_AnthroRabbit_Run_04_24x32,False,1496,-152,124
46.0753,4,0.0000,Moon_AnthroRabbit_Run_04_24x32,False,1496,-152,124
46.1262,4,0.0000,Moon_AnthroRabbit_Run_05_24x32,False,1496,-156,124
46.1776,4,0.0000,Moon_AnthroRabbit_Run_05_24x32,False,1496,-156,124
46.2285,4,0.0000,Moon_AnthroRabbit_Run_06_24x32,False,1492,-156,128
46.2790,4,0.0000,Moon_AnthroRabbit_Run_06_24x32,False,1492,-156,128
46.3296,4,0.0000,Moon_AnthroRabbit_Run_07_24x32,False,1492,-156,128
46.3799,4,0.0000,Moon_AnthroRabbit_Run_07_24x32,False,1492,-156,128
46.4302,4,0.0000,Moon_AnthroRabbit_Run_00_24x32,False,1492,-156,128
46.4811,4,0.0000,Moon_AnthroRabbit_Run_00_24x32,False,1492,-156,128
46.5314,4,0.0000,Moon_AnthroRabbit_Run_01_24x32,False,1492,-156,128
46.5822,4,0.0000,Moon_AnthroRabbit_Run_01_24x32,False,1492,-160,128
46.6331,4,0.0000,Moon_AnthroRabbit_Run_02_24x32,False,1492,-160,128
46.6832,4,0.0000,Moon_AnthroRabbit_Run_02_24x32,False,1492,-160,128
46.7343,4,0.0000,Moon_AnthroRabbit_Run_03_24x32,False,1492,-160,128
46.7841,4,0.0000,Moon_AnthroRabbit_Run_03_24x32,False,1492,-160,128
46.8377,4,0.0000,Moon_AnthroRabbit_Run_04_24x32,False,1492,-160,128
46.8874,4,0.0000,Moon_AnthroRabbit_Run_04_24x32,False,1492,-160,128
46.9391,4,0.0000,Moon_AnthroRabbit_Run_05_24x32,False,1488,-160,132
46.9896,4,0.0000,Moon_AnthroRabbit_Run_05_24x32,False,1488,-160,132
47.0399,4,0.0000,Moon_AnthroRabbit_Run_06_24x32,False,1488,-164,132
47.0906,4,0.0000,Moon_AnthroRabbit_Run_06_24x32,False,1488,-164,132
47.1413,4,0.0000,Moon_AnthroRabbit_Run_07_24x32,False,1488,-164,132
47.1926,4,0.0000,Moon_AnthroRabbit_Run_07_24x32,False,1488,-164,132
47.2429,4,0.0000,Moon_AnthroRabbit_Run_00_24x32,False,1488,-164,132
47.2940,4,0.0000,Moon_AnthroRabbit_Run_00_24x32,False,1488,-164,132
47.3440,4,0.0000,Moon_AnthroRabbit_Run_01_24x32,False,1488,-164,132
47.3950,4,0.0000,Moon_AnthroRabbit_Run_01_24x32,False,1488,-164,132
47.4451,4,0.0000,Moon_AnthroRabbit_Run_02_24x32,False,1488,-164,132
47.4956,4,0.0000,Moon_AnthroRabbit_Run_02_24x32,False,1488,-168,132
47.5463,4,0.0000,Moon_AnthroRabbit_Run_03_24x32,False,1488,-168,132
47.5959,4,0.0000,Moon_AnthroRabbit_Run_03_24x32,False,1484,-168,136
47.6562,4,0.0000,Moon_AnthroRabbit_Run_04_24x32,False,1484,-168,136
47.7072,4,0.0000,Moon_AnthroRabbit_Run_05_24x32,False,1484,-168,136
47.7573,4,0.0000,Moon_AnthroRabbit_Run_05_24x32,False,1484,-168,136
47.8078,4,0.0000,Moon_AnthroRabbit_Run_06_24x32,False,1484,-168,136
47.8589,4,0.0000,Moon_AnthroRabbit_Run_06_24x32,False,1484,-168,136
47.9097,4,0.0000,Moon_AnthroRabbit_Run_07_24x32,False,1484,-168,136
47.9610,4,0.0000,Moon_AnthroRabbit_Run_07_24x32,False,1484,-172,136
48.0116,4,0.0000,Moon_AnthroRabbit_Run_00_24x32,False,1484,-172,136
48.0620,4,0.0000,Moon_AnthroRabbit_Run_00_24x32,False,1484,-172,136
48.1132,4,0.0000,Moon_AnthroRabbit_Run_01_24x32,False,1484,-172,136
48.1639,4,0.0000,Moon_AnthroRabbit_Run_01_24x32,False,1484,-172,136
48.2148,4,0.0000,Moon_AnthroRabbit_Run_02_24x32,False,1484,-172,136
48.2654,4,0.0000,Moon_AnthroRabbit_Run_02_24x32,False,1484,-172,136
48.3173,4,0.0000,Moon_AnthroRabbit_Run_03_24x32,False,1480,-172,140
48.3678,4,0.0000,Moon_AnthroRabbit_Run_03_24x32,False,1480,-172,140
48.4185,4,0.0000,Moon_AnthroRabbit_Run_04_24x32,False,1480,-176,140
48.4686,4,0.0000,Moon_AnthroRabbit_Run_04_24x32,False,1480,-176,140
48.5201,4,0.0000,Moon_AnthroRabbit_Run_05_24x32,False,1480,-176,140
48.5707,4,0.0000,Moon_AnthroRabbit_Run_05_24x32,False,1480,-176,140
48.6213,4,0.0000,Moon_AnthroRabbit_Run_06_24x32,False,1480,-176,140
48.6720,4,0.0000,Moon_AnthroRabbit_Run_06_24x32,False,1480,-176,140
48.7231,4,0.0000,Moon_AnthroRabbit_Run_07_24x32,False,1480,-176,140
48.7745,4,0.0000,Moon_AnthroRabbit_Run_07_24x32,False,1480,-176,140
48.8254,4,0.0000,Moon_AnthroRabbit_Run_00_24x32,False,1480,-176,140
48.8757,4,0.0000,Moon_AnthroRabbit_Run_00_24x32,False,1480,-180,140
48.9268,4,0.0000,Moon_AnthroRabbit_Run_01_24x32,False,1480,-180,140
48.9776,4,0.0000,Moon_AnthroRabbit_Run_01_24x32,False,1476,-180,144
49.0284,4,0.0000,Moon_AnthroRabbit_Run_02_24x32,False,1476,-180,144
49.0784,4,0.0000,Moon_AnthroRabbit_Run_02_24x32,False,1476,-180,144
49.1297,4,0.0000,Moon_AnthroRabbit_Run_03_24x32,False,1476,-180,144
49.1807,4,0.0000,Moon_AnthroRabbit_Run_03_24x32,False,1476,-180,144
49.2311,4,0.0000,Moon_AnthroRabbit_Run_04_24x32,False,1476,-180,144
49.2814,4,0.0000,Moon_AnthroRabbit_Run_04_24x32,False,1476,-180,144
49.3326,4,0.0000,Moon_AnthroRabbit_Run_05_24x32,False,1476,-184,144
49.3826,4,0.0000,Moon_AnthroRabbit_Run_05_24x32,False,1476,-184,144
49.4331,4,0.0000,Moon_AnthroRabbit_Run_06_24x32,False,1476,-184,144
49.4842,4,0.0000,Moon_AnthroRabbit_Run_06_24x32,False,1476,-184,144
49.5349,4,0.0697,Moon_AnthroRabbit_Run_07_24x32,False,1476,-184,144
49.5853,4,0.1707,Moon_AnthroRabbit_Run_07_24x32,False,1476,-184,144
49.6355,4,0.2710,Moon_AnthroRabbit_Run_00_24x32,False,1476,-184,144
49.6861,4,0.3722,Moon_AnthroRabbit_Run_00_24x32,False,1472,-184,148
49.7370,4,0.4741,Moon_AnthroRabbit_Run_01_24x32,False,1472,-184,148
49.7877,4,0.5755,Moon_AnthroRabbit_Run_01_24x32,False,1472,-188,148
49.8388,4,0.6776,Moon_AnthroRabbit_Run_02_24x32,False,1472,-188,148
49.8899,4,0.7798,Moon_AnthroRabbit_Run_02_24x32,False,1472,-188,148
49.9412,4,0.8824,Moon_AnthroRabbit_Run_03_24x32,False,1472,-188,148
49.9884,4,0.9768,Moon_AnthroRabbit_Run_03_24x32,False,1472,-188,148
50.0492,0,0.0000,Moon_AnthroRabbit_Run_04_24x32,True,1476,-184,220
50.0996,0,0.0000,Moon_AnthroRabbit_Run_04_24x32,True,1476,-184,220
50.1502,0,0.0000,Moon_AnthroRabbit_Run_05_24x32,True,1476,-184,220
50.1972,0,0.0000,Moon_AnthroRabbit_Run_05_24x32,True,1476,-180,220
50.2512,0,0.0000,Moon_AnthroRabbit_Run_06_24x32,True,1476,-180,220
50.3023,0,0.0000,Moon_AnthroRabbit_Run_07_24x32,True,1476,-180,220
50.3525,0,0.0000,Moon_AnthroRabbit_Run_07_24x32,True,1476,-180,220
50.4033,0,0.0000,Moon_AnthroRabbit_Run_00_24x32,True,1476,-180,220
50.4535,0,0.0000,Moon_AnthroRabbit_Run_00_24x32,True,1476,-180,220
50.5047,0,0.0000,Moon_AnthroRabbit_Run_01_24x32,True,1476,-180,220
50.5554,0,0.0000,Moon_AnthroRabbit_Run_01_24x32,True,1480,-180,216
50.6063,0,0.0000,Moon_AnthroRabbit_Run_02_24x32,True,1480,-180,216
50.6564,0,0.0000,Moon_AnthroRabbit_Run_02_24x32,True,1480,-176,216
50.7076,0,0.0000,Moon_AnthroRabbit_Run_03_24x32,True,1480,-176,216
50.7572,0,0.0000,Moon_AnthroRabbit_Run_03_24x32,True,1480,-176,216
50.8081,0,0.0000,Moon_AnthroRabbit_Run_04_24x32,True,1480,-176,216
50.8594,0,0.0000,Moon_AnthroRabbit_Run_04_24x32,True,1480,-176,216
50.9096,0,0.0000,Moon_AnthroRabbit_Run_05_24x32,True,1480,-176,216
50.9604,0,0.0000,Moon_AnthroRabbit_Run_05_24x32,True,1480,-176,216
51.0113,0,0.0000,Moon_AnthroRabbit_Run_06_24x32,True,1480,-176,216
51.0621,0,0.0000,Moon_AnthroRabbit_Run_06_24x32,True,1480,-176,216
51.1149,0,0.0000,Moon_AnthroRabbit_Run_07_24x32,True,1480,-172,216
51.1648,0,0.0000,Moon_AnthroRabbit_Run_07_24x32,True,1480,-172,216
51.2161,0,0.0000,Moon_AnthroRabbit_Run_00_24x32,True,1480,-172,216
51.2667,0,0.0000,Moon_AnthroRabbit_Run_00_24x32,True,1484,-172,212
51.3167,0,0.0000,Moon_AnthroRabbit_Run_01_24x32,True,1484,-172,212
51.3673,0,0.0000,Moon_AnthroRabbit_Run_01_24x32,True,1484,-172,212
51.4178,0,0.0000,Moon_AnthroRabbit_Run_02_24x32,True,1484,-172,212
51.4684,0,0.0000,Moon_AnthroRabbit_Run_02_24x32,True,1484,-172,212
51.5189,0,0.0000,Moon_AnthroRabbit_Run_03_24x32,True,1484,-172,212
51.5693,0,0.0000,Moon_AnthroRabbit_Run_03_24x32,True,1484,-168,212
51.6208,0,0.0000,Moon_AnthroRabbit_Run_04_24x32,True,1484,-168,212
51.6720,0,0.0000,Moon_AnthroRabbit_Run_04_24x32,True,1484,-168,212
51.7230,0,0.0000,Moon_AnthroRabbit_Run_05_24x32,True,1484,-168,212
51.7743,0,0.0000,Moon_AnthroRabbit_Run_05_24x32,True,1484,-168,212
51.8254,0,0.0000,Moon_AnthroRabbit_Run_06_24x32,True,1484,-168,212
51.8767,0,0.0000,Moon_AnthroRabbit_Run_06_24x32,True,1484,-168,212
51.9287,0,0.0000,Moon_AnthroRabbit_Run_07_24x32,True,1488,-168,208
51.9795,0,0.0000,Moon_AnthroRabbit_Run_07_24x32,True,1488,-168,208
52.0297,0,0.0000,Moon_AnthroRabbit_Run_00_24x32,True,1488,-164,208
52.0806,0,0.0000,Moon_AnthroRabbit_Run_00_24x32,True,1488,-164,208
52.1311,0,0.0000,Moon_AnthroRabbit_Run_01_24x32,True,1488,-164,208
52.1818,0,0.0000,Moon_AnthroRabbit_Run_01_24x32,True,1488,-164,208
52.2326,0,0.0000,Moon_AnthroRabbit_Run_02_24x32,True,1488,-164,208
52.2833,0,0.0000,Moon_AnthroRabbit_Run_02_24x32,True,1488,-164,208
52.3340,0,0.0000,Moon_AnthroRabbit_Run_03_24x32,True,1488,-164,208
52.3848,0,0.0000,Moon_AnthroRabbit_Run_03_24x32,True,1488,-164,208
52.4352,0,0.0000,Moon_AnthroRabbit_Run_04_24x32,True,1488,-164,208
52.4853,0,0.0000,Moon_AnthroRabbit_Run_04_24x32,True,1488,-160,208
52.5359,0,0.0000,Moon_AnthroRabbit_Run_05_24x32,True,1488,-160,208
52.5862,0,0.0000,Moon_AnthroRabbit_Run_05_24x32,True,1488,-160,208
52.6363,0,0.0000,Moon_AnthroRabbit_Run_06_24x32,True,1492,-160,204
52.6872,0,0.0000,Moon_AnthroRabbit_Run_06_24x32,True,1492,-160,204
52.7375,0,0.0000,Moon_AnthroRabbit_Run_07_24x32,True,1492,-160,204
52.7872,0,0.0000,Moon_AnthroRabbit_Run_07_24x32,True,1492,-160,204
52.8382,0,0.0000,Moon_AnthroRabbit_Run_00_24x32,True,1492,-160,204
52.8895,0,0.0000,Moon_AnthroRabbit_Run_00_24x32,True,1492,-160,204
52.9397,0,0.0000,Moon_AnthroRabbit_Run_01_24x32,True,1492,-156,204
52.9902,0,0.0000,Moon_AnthroRabbit_Run_01_24x32,True,1492,-156,204
53.0405,0,0.0000,Moon_AnthroRabbit_Run_02_24x32,True,1492,-156,204
53.0915,0,0.0000,Moon_AnthroRabbit_Run_02_24x32,True,1492,-156,204
53.1414,0,0.0000,Moon_AnthroRabbit_Run_03_24x32,True,1492,-156,204
53.1916,0,0.0000,Moon_AnthroRabbit_Run_03_24x32,True,1492,-156,204
53.2421,0,0.0000,Moon_AnthroRabbit_Run_04_24x32,True,1492,-156,204
53.2924,0,0.0000,Moon_AnthroRabbit_Run_04_24x32,True,1496,-156,200
53.3427,0,0.0000,Moon_AnthroRabbit_Run_05_24x32,True,1496,-156,200
53.3939,0,0.0000,Moon_AnthroRabbit_Run_05_24x32,True,1496,-156,200
53.4442,0,0.0000,Moon_AnthroRabbit_Run_06_24x32,True,1496,-152,200
53.4944,0,0.0000,Moon_AnthroRabbit_Run_06_24x32,True,1496,-152,200
53.5451,0,0.0000,Moon_AnthroRabbit_Run_07_24x32,True,1496,-152,200
53.5951,0,0.0000,Moon_AnthroRabbit_Run_07_24x32,True,1496,-152,200
53.6462,0,0.0000,Moon_AnthroRabbit_Run_00_24x32,True,1496,-152,200
53.6964,0,0.0000,Moon_AnthroRabbit_Run_00_24x32,True,1496,-152,200
53.7471,0,0.0000,Moon_AnthroRabbit_Run_01_24x32,True,1496,-152,200
53.7982,0,0.0000,Moon_AnthroRabbit_Run_01_24x32,True,1496,-152,200
53.8490,0,0.0000,Moon_AnthroRabbit_Run_02_24x32,True,1496,-152,200
53.8994,0,0.0000,Moon_AnthroRabbit_Run_02_24x32,True,1496,-148,200
53.9501,0,0.0000,Moon_AnthroRabbit_Run_03_24x32,True,1496,-148,200
54.0009,0,0.0000,Moon_AnthroRabbit_Run_04_24x32,True,1500,-148,196
54.0470,0,0.0000,Moon_AnthroRabbit_Run_04_24x32,True,1500,-148,196
54.1019,0,0.0000,Moon_AnthroRabbit_Run_05_24x32,True,1500,-148,196
54.1522,0,0.0000,Moon_AnthroRabbit_Run_05_24x32,True,1500,-148,196
54.2025,0,0.0000,Moon_AnthroRabbit_Run_06_24x32,True,1500,-148,196
54.2538,0,0.0000,Moon_AnthroRabbit_Run_06_24x32,True,1500,-148,196
54.3042,0,0.0000,Moon_AnthroRabbit_Run_07_24x32,True,1500,-148,196
54.3544,0,0.0000,Moon_AnthroRabbit_Run_07_24x32,True,1500,-144,196
54.4056,0,0.0000,Moon_AnthroRabbit_Run_00_24x32,True,1500,-144,196
54.4567,0,0.0000,Moon_AnthroRabbit_Run_00_24x32,True,1500,-144,196
54.5068,0,0.0137,Moon_AnthroRabbit_Run_01_24x32,True,1500,-144,196
54.5580,0,0.1159,Moon_AnthroRabbit_Run_01_24x32,True,1500,-144,196
54.6090,0,0.2181,Moon_AnthroRabbit_Run_02_24x32,True,1500,-144,196
54.6595,0,0.3190,Moon_AnthroRabbit_Run_02_24x32,True,1504,-144,192
54.7102,0,0.4203,Moon_AnthroRabbit_Run_03_24x32,True,1504,-144,192
54.7610,0,0.5221,Moon_AnthroRabbit_Run_03_24x32,True,1504,-144,192
54.8116,0,0.6231,Moon_AnthroRabbit_Run_04_24x32,True,1504,-140,192
54.8627,0,0.7253,Moon_AnthroRabbit_Run_04_24x32,True,1504,-140,192
54.9139,0,0.8279,Moon_AnthroRabbit_Run_05_24x32,True,1504,-140,192
54.9643,0,0.9286,Moon_AnthroRabbit_Run_05_24x32,True,1504,-140,192
55.0150,1,0.0000,Moon_AnthroRabbit_Run_06_24x32,False,1500,-144,196
55.0599,1,0.0000,Moon_AnthroRabbit_Run_06_24x32,False,1500,-144,196
55.1170,1,0.0000,Moon_AnthroRabbit_Run_07_24x32,False,1500,-144,196
55.1682,1,0.0000,Moon_AnthroRabbit_Run_07_24x32,False,1500,-144,196
55.2185,1,0.0000,Moon_AnthroRabbit_Run_00_24x32,False,1500,-148,196
55.2690,1,0.0000,Moon_AnthroRabbit_Run_00_24x32,False,1500,-148,196
55.3190,1,0.0000,Moon_AnthroRabbit_Run_01_24x32,False,1500,-148,196
55.3693,1,0.0000,Moon_AnthroRabbit_Run_01_24x32,False,1500,-148,196
55.4205,1,0.0000,Moon_AnthroRabbit_Run_02_24x32,False,1500,-148,196
55.4717,1,0.0000,Moon_AnthroRabbit_Run_02_24x32,False,1500,-148,196
55.5227,1,0.0000,Moon_AnthroRabbit_Run_03_24x32,False,1500,-148,196
55.5738,1,0.0000,Moon_AnthroRabbit_Run_03_24x32,False,1496,-148,200
55.6238,1,0.0000,Moon_AnthroRabbit_Run_04_24x32,False,1496,-148,200
55.6745,1,0.0000,Moon_AnthroRabbit_Run_04_24x32,False,1496,-152,200
55.7252,1,0.0000,Moon_AnthroRabbit_Run_05_24x32,False,1496,-152,200
55.7761,1,0.0000,Moon_AnthroRabbit_Run_05_24x32,False,1496,-152,200
55.8269,1,0.0000,Moon_AnthroRabbit_Run_06_24x32,False,1496,-152,200
55.8776,1,0.0000,Moon_AnthroRabbit_Run_06_24x32,False,1496,-152,200
55.9282,1,0.0000,Moon_AnthroRabbit_Run_07_24x32,False,1496,-152,200
55.9790,1,0.0000,Moon_AnthroRabbit_Run_07_24x32,False,1496,-152,200
56.0302,1,0.0000,Moon_AnthroRabbit_Run_00_24x32,False,1496,-152,200
56.0802,1,0.0000,Moon_AnthroRabbit_Run_00_24x32,False,1496,-152,200
56.1312,1,0.0000,Moon_AnthroRabbit_Run_01_24x32,False,1496,-156,200
56.1824,1,0.0000,Moon_AnthroRabbit_Run_01_24x32,False,1496,-156,200
56.2328,1,0.0000,Moon_AnthroRabbit_Run_02_24x32,False,1492,-156,204
56.2824,1,0.0000,Moon_AnthroRabbit_Run_02_24x32,False,1492,-156,204
56.3332,1,0.0000,Moon_AnthroRabbit_Run_03_24x32,False,1492,-156,204
56.3839,1,0.0000,Moon_AnthroRabbit_Run_03_24x32,False,1492,-156,204
56.4342,1,0.0000,Moon_AnthroRabbit_Run_04_24x32,False,1492,-156,204
56.4849,1,0.0000,Moon_AnthroRabbit_Run_04_24x32,False,1492,-156,204
56.5358,1,0.0000,Moon_AnthroRabbit_Run_05_24x32,False,1492,-156,204
56.5869,1,0.0000,Moon_AnthroRabbit_Run_05_24x32,False,1492,-160,204
56.6377,1,0.0000,Moon_AnthroRabbit_Run_06_24x32,False,1492,-160,204
56.6885,1,0.0000,Moon_AnthroRabbit_Run_06_24x32,False,1492,-160,204
56.7390,1,0.0000,Moon_AnthroRabbit_Run_07_24x32,False,1492,-160,204
56.7890,1,0.0000,Moon_AnthroRabbit_Run_07_24x32,False,1492,-160,204
56.8418,1,0.0000,Moon_AnthroRabbit_Run_00_24x32,False,1492,-160,204
56.8927,1,0.0000,Moon_AnthroRabbit_Run_00_24x32,False,1492,-160,204
56.9430,1,0.0000,Moon_AnthroRabbit_Run_01_24x32,False,1488,-160,208
56.9936,1,0.0000,Moon_AnthroRabbit_Run_01_24x32,False,1488,-160,208
57.0438,1,0.0000,Moon_AnthroRabbit_Run_02_24x32,False,1488,-164,208
57.0941,1,0.0000,Moon_AnthroRabbit_Run_02_24x32,False,1488,-164,208
57.1452,1,0.0000,Moon_AnthroRabbit_Run_03_24x32,False,1488,-164,208
57.1962,1,0.0000,Moon_AnthroRabbit_Run_03_24x32,False,1488,-164,208
57.2466,1,0.0000,Moon_AnthroRabbit_Run_04_24x32,False,1488,-164,208
57.2970,1,0.0000,Moon_AnthroRabbit_Run_04_24x32,False,1488,-164,208
57.3481,1,0.0000,Moon_AnthroRabbit_Run_05_24x32,False,1488,-164,208
57.3991,1,0.0000,Moon_AnthroRabbit_Run_05_24x32,False,1488,-164,208
57.4503,1,0.0000,Moon_AnthroRabbit_Run_06_24x32,False,1488,-164,208
57.5008,1,0.0000,Moon_AnthroRabbit_Run_07_24x32,False,1488,-168,208
57.5519,1,0.0000,Moon_AnthroRabbit_Run_07_24x32,False,1488,-168,208
57.6027,1,0.0000,Moon_AnthroRabbit_Run_00_24x32,False,1484,-168,212
57.6534,1,0.0000,Moon_AnthroRabbit_Run_00_24x32,False,1484,-168,212
57.7042,1,0.0000,Moon_AnthroRabbit_Run_01_24x32,False,1484,-168,212
57.7546,1,0.0000,Moon_AnthroRabbit_Run_01_24x32,False,1484,-168,212
57.8061,1,0.0000,Moon_AnthroRabbit_Run_02_24x32,False,1484,-168,212
57.8564,1,0.0000,Moon_AnthroRabbit_Run_02_24x32,False,1484,-168,212
57.9074,1,0.0000,Moon_AnthroRabbit_Run_03_24x32,False,1484,-168,212
57.9574,1,0.0000,Moon_AnthroRabbit_Run_03_24x32,False,1484,-172,212
58.0073,1,0.0000,Moon_AnthroRabbit_Run_04_24x32,False,1484,-172,212
58.0593,1,0.0000,Moon_AnthroRabbit_Run_04_24x32,False,1484,-172,212
58.1098,1,0.0000,Moon_AnthroRabbit_Run_05_24x32,False,1484,-172,212
58.1604,1,0.0000,Moon_AnthroRabbit_Run_05_24x32,False,1484,-172,212
58.2107,1,0.0000,Moon_AnthroRabbit_Run_06_24x32,False,1484,-172,212
58.2624,1,0.0000,Moon_AnthroRabbit_Run_06_24x32,False,1484,-172,212
58.3137,1,0.0000,Moon_AnthroRabbit_Run_07_24x32,False,1480,-172,216
58.3645,1,0.0000,Moon_AnthroRabbit_Run_07_24x32,False,1480,-172,216
58.4147,1,0.0000,Moon_AnthroRabbit_Run_00_24x32,False,1480,-176,216
58.4645,1,0.0000,Moon_AnthroRabbit_Run_00_24x32,False,1480,-176,216
58.5148,1,0.0000,Moon_AnthroRabbit_Run_01_24x32,False,1480,-176,216
58.5658,1,0.0000,Moon_AnthroRabbit_Run_01_24x32,False,1480,-176,216
58.6165,1,0.0000,Moon_AnthroRabbit_Run_02_24x32,False,1480,-176,216
58.6672,1,0.0000,Moon_AnthroRabbit_Run_02_24x32,False,1480,-176,216
58.7185,1,0.0000,Moon_AnthroRabbit_Run_03_24x32,False,1480,-176,216
58.7697,1,0.0000,Moon_AnthroRabbit_Run_03_24x32,False,1480,-176,216
58.8200,1,0.0000,Moon_AnthroRabbit_Run_04_24x32,False,1480,-176,216
58.8705,1,0.0000,Moon_AnthroRabbit_Run_04_24x32,False,1480,-180,216
58.9210,1,0.0000,Moon_AnthroRabbit_Run_05_24x32,False,1480,-180,216
58.9714,1,0.0000,Moon_AnthroRabbit_Run_05_24x32,False,1476,-180,220
59.0216,1,0.0000,Moon_AnthroRabbit_Run_06_24x32,False,1476,-180,220
59.0718,1,0.0000,Moon_AnthroRabbit_Run_06_24x32,False,1476,-180,220
59.1219,1,0.0000,Moon_AnthroRabbit_Run_07_24x32,False,1476,-180,220
59.1730,1,0.0000,Moon_AnthroRabbit_Run_07_24x32,False,1476,-180,220
59.2230,1,0.0000,Moon_AnthroRabbit_Run_00_24x32,False,1476,-180,220
59.2736,1,0.0000,Moon_AnthroRabbit_Run_00_24x32,False,1476,-180,220
59.3250,1,0.0000,Moon_AnthroRabbit_Run_01_24x32,False,1476,-184,220
59.3752,1,0.0000,Moon_AnthroRabbit_Run_01_24x32,False,1476,-184,220
59.4256,1,0.0000,Moon_AnthroRabbit_Run_02_24x32,False,1476,-184,220
59.4766,1,0.0000,Moon_AnthroRabbit_Run_02_24x32,False,1476,-184,220
59.5269,1,0.0538,Moon_AnthroRabbit_Run_03_24x32,False,1476,-184,220
59.5743,1,0.1486,Moon_AnthroRabbit_Run_03_24x32,False,1476,-184,220
59.6282,1,0.2564,Moon_AnthroRabbit_Run_04_24x32,False,1476,-184,220
59.6790,1,0.3581,Moon_AnthroRabbit_Run_04_24x32,False,1472,-184,224
59.7299,1,0.4597,Moon_AnthroRabbit_Run_05_24x32,False,1472,-184,224
59.7822,1,0.5644,Moon_AnthroRabbit_Run_05_24x32,False,1472,-188,224
59.8324,1,0.6648,Moon_AnthroRabbit_Run_06_24x32,False,1472,-188,224
59.8826,1,0.7653,Moon_AnthroRabbit_Run_06_24x32,False,1472,-188,224
59.9338,1,0.8677,Moon_AnthroRabbit_Run_07_24x32,False,1472,-188,224
