id,themeId,styleId,role,kind,width,height,footprintCount,solidCount,voidCount,supportCount,frameId,maskHash
T01_A_Source,T01,T01_A,Platform,Structure,8,4,32,30,2,0,T01_A_Platform,c118f6ef669ba762242ac89a50320fe8a9d9765b3fea1d667b3000ef6b96079e
T01_B_Source,T01,T01_B,Platform,Structure,8,4,32,30,2,0,T01_B_Platform,a07f35a92b7b58ad864fd4703e2f1ce14a22a748966bd517abe1a14b8f8170bd
T01_C_Source,T01,T01_C,Platform,Structure,8,4,32,30,2,0,T01_C_Platform,4f0a3621dd5a950f345e753d4ff8413fe512cf0ebe5aedc6235651ee5d92a504
T01_D_Source,T01,T01_D,Bridge,Structure,12,5,60,52,8,0,T01_D_Bridge,7a78952823cf2f89d219b6cc86e5c8ca58a445c37cd41cd75b6f77deb61be243
T01_Mass_Source,T01,T01_A,Mass,Structure,14,7,98,92,6,0,T01_A_Mass,45723cd92434d07b28970b5b2f3c4ce84b605fd496549131f8d4e1f8af310c64
T01_A_Fill_Source,T01,T01_A,FillPatch,InteriorOverlay,2,2,4,0,4,4,T01_A_FillPatch,68ff2be1dc830f7c9d543b060192c5e6694c217645c2cdfb28f23d4fd81e6af1
T01_B_Fill_Source,T01,T01_B,FillPatch,InteriorOverlay,2,3,6,0,6,6,T01_B_FillPatch,6e3defba038044963746cc9c174282346c16274f1a7353adfa176f9d37124a8f
T01_C_Fill_Source,T01,T01_C,FillPatch,InteriorOverlay,2,2,4,0,4,4,T01_C_FillPatch,304cf1b8381815e25f5d99734a2d763bd26e9d5dde4aaf7d32eede382664708d
T01_D_Fill_Source,T01,T01_D,FillPatch,InteriorOverlay,2,3,6,0,6,6,T01_D_FillPatch,10bc4f8fa2b7b0c3cf685b4516e61c4bf1a700f55fb7215cc4396581c328bd74
T01_A_Wall_Source,T01,T01_A,WallCorner,Structure,3,4,12,6,6,0,T01_A_WallCorner,24b682ea6b0931f6b5dcc785c7c819e0fd95b9424d46c8d10770f5ef2b0ec589
T01_B_Wall_Source,T01,T01_B,WallCorner,Structure,3,4,12,6,6,0,T01_B_WallCorner,c70a784b0d7da1e7c9f6c922c03f8826202e100dad517507aba25a5794fe2606
T01_C_Wall_Source,T01,T01_C,WallCorner,Structure,3,4,12,6,6,0,T01_C_WallCorner,1d5ec6af3b5f9194a04f9c9825e841ff81546619e38dd18108c7280ea4f1fa6c
T02_A_Source,T02,T02_A,Platform,Structure,8,4,32,30,2,0,T02_A_Platform,c03c4f8ceee6f596ae50b624998a5da02533e9c166b4fe2baa95e92a9c842690
T02_B_Source,T02,T02_B,Platform,Structure,8,4,32,30,2,0,T02_B_Platform,c078366abd1160c5e3fefdce70803f72569c47401e71bdbe0563c3fc88ae03fb
T02_C_Source,T02,T02_C,Platform,Structure,8,4,32,30,2,0,T02_C_Platform,46b3c5f7ee39b5a170ab283a0e10cac35db9719d76b1f91acbdab18386883f5b
T02_D_Source,T02,T02_D,Bridge,Structure,12,5,60,50,10,0,T02_D_Bridge,ee8ec06abef10a609390335f54fc8bfad58e27da725e6c3d37ed5230b70b998a
T02_Mass_Source,T02,T02_A,Mass,Structure,14,6,84,78,6,0,T02_A_Mass,d69b3c191e9acf0a0c412f6c9fc807003696ad8c7a4cdc2250aaa12a4f77e938
T02_A_Fill_Source,T02,T02_A,FillPatch,InteriorOverlay,2,2,4,0,4,4,T02_A_FillPatch,d9bdb28dab9f3dc499c9454f47695730e122a3f07f2cd0e9db537ba4f672e8e2
T02_B_Fill_Source,T02,T02_B,FillPatch,InteriorOverlay,2,3,6,0,6,6,T02_B_FillPatch,9d517bf72ac75f234c3e71be4e022f7e01b2ce52b7d0f172e2e1b0bf196d5634
T02_C_Fill_Source,T02,T02_C,FillPatch,InteriorOverlay,2,3,6,0,6,6,T02_C_FillPatch,8880b5abd4b4ee6e949f10506e7de6557ef960a011ac56b9e1eb7a199e128ad6
T02_D_Fill_Source,T02,T02_D,FillPatch,InteriorOverlay,2,3,6,0,6,6,T02_D_FillPatch,e2adc614a267e73cbcba567b0d209c88985754cb0d6b9c9fb76f3a0d78788d24
T02_A_Wall_Source,T02,T02_A,WallCorner,Structure,3,4,12,6,6,0,T02_A_WallCorner,eca4cff56bc65c0f3c73711e4064f6fa5cbd526fd4f74c4a05ead4e130bff9e6
T02_B_Wall_Source,T02,T02_B,WallCorner,Structure,3,4,12,6,6,0,T02_B_WallCorner,1be24a8104ae0ea578eff847538a57a672f44563caeb0c94b011681de8aab41d
T02_C_Wall_Source,T02,T02_C,WallCorner,Structure,3,4,12,6,6,0,T02_C_WallCorner,583502b55664a4f83a2f69f157c95c64c8eb293585022609fb829db7a81d29fb
T03_A_Source,T03,T03_A,Platform,Structure,8,4,32,30,2,0,T03_A_Platform,b2467839ebb74f1890f6773351467615976f1fe932b48ad82085c04cdad387fb
T03_B_Source,T03,T03_B,Platform,Structure,8,4,32,30,2,0,T03_B_Platform,baa2d84e8a46371711da27320d5b2e44278bd07d28222ee79ef4c1bf52eb1e00
T03_C_Source,T03,T03_C,Platform,Structure,8,4,32,30,2,0,T03_C_Platform,0a04668a848ebf00fd1114ae923afa647e049e6d5e950e4ab444ffc80cbb51e9
T03_D_Source,T03,T03_D,Bridge,Structure,12,5,60,50,10,0,T03_D_Bridge,4c4c0819d96aa28affa30d5c5688233ce253aadbc58c138ddb556417e3359c1a
T03_Mass_Source,T03,T03_A,Mass,Structure,14,7,98,92,6,0,T03_A_Mass,880ee0a5a3b9c2be71f71c2f10e09d5211e8f2c7729b8b0f818d488f7f8a8c33
T03_A_Fill_Source,T03,T03_A,FillPatch,InteriorOverlay,2,2,4,0,4,4,T03_A_FillPatch,8d1b8b65ce348ebff89d0603045423b1dcc679cb31a434e113660791e6018413
T03_B_Fill_Source,T03,T03_B,FillPatch,InteriorOverlay,2,2,4,0,4,4,T03_B_FillPatch,08675ac209f644fc256595ff8f5a95d7579a9b84f74c37b926db75a1adfeb800
T03_C_Fill_Source,T03,T03_C,FillPatch,InteriorOverlay,2,2,4,0,4,4,T03_C_FillPatch,984856b1425780d4b495290381eec9e5d1663bd84b41484bf0fd9fcc66e3f5dd
T03_D_Fill_Source,T03,T03_D,FillPatch,InteriorOverlay,2,3,6,0,6,6,T03_D_FillPatch,2c030fb12b352f9c989dcc7034e85e694002b08e1f4d7f90618d1824f14d7471
T03_A_Wall_Source,T03,T03_A,WallCorner,Structure,3,4,12,6,6,0,T03_A_WallCorner,0b953a1c750dd65db7a2e0f026f671edebcd16267eb4c67e752b26e1e059f449
T03_B_Wall_Source,T03,T03_B,WallCorner,Structure,3,4,12,6,6,0,T03_B_WallCorner,54236f4dd8e4279af66e84e9f6220171c1af6f964fc2fc769e56b6447155fa21
T03_C_Wall_Source,T03,T03_C,WallCorner,Structure,3,4,12,6,6,0,T03_C_WallCorner,04efac7afc494f0ef1f2b948f456e28841ddd12d3c4300c0505c9b9fb21195f6
T04_A_Source,T04,T04_A,Platform,Structure,8,4,32,30,2,0,T04_A_Platform,576d9a640af92141b688b83274f55296e1cc6db40fd0724a6201fb1ed33baa08
T04_B_Source,T04,T04_B,Platform,Structure,8,4,32,30,2,0,T04_B_Platform,098e1922fdb92a6eebb9c2ff21958dca4d3a8df08b2c38745908f8481cd45567
T04_C_Source,T04,T04_C,Platform,Structure,8,4,32,30,2,0,T04_C_Platform,9ceb3a7081b670c2a4b5ee0f2e0859db9aefe375559579acad68513b6bbbbf49
T04_D_Source,T04,T04_D,Bridge,Structure,12,5,60,42,18,0,T04_D_Bridge,1432df49cf545188dedb24a811d8c029d261a68f465153be1854ec8d50da97f8
T04_Mass_Source,T04,T04_A,Mass,Structure,14,6,84,78,6,0,T04_A_Mass,9e4a1af29065b36cf1faf72f7c756b1c6a1f4bba17ee267cbe1986b7f5a92343
T04_A_Fill_Source,T04,T04_A,FillPatch,InteriorOverlay,2,2,4,0,4,4,T04_A_FillPatch,1078927e6ecdc7e27e8cd439cb673e6474ce39d54d62bb919f923a5fc9703586
T04_B_Fill_Source,T04,T04_B,FillPatch,InteriorOverlay,2,2,4,0,4,4,T04_B_FillPatch,24e8e53da0b2465836f7d0fb3105336689e33da536a1d4d1649dd155ae53c5d9
T04_C_Fill_Source,T04,T04_C,FillPatch,InteriorOverlay,2,3,6,0,6,6,T04_C_FillPatch,b83ca0843d2a6f7ec644ff5b2cf2380be41570b8186f535a83fcf1bba37983c2
T04_D_Fill_Source,T04,T04_D,FillPatch,InteriorOverlay,2,3,6,0,6,6,T04_D_FillPatch,49c716e23ba3d1ac9c75a20d25975fa33e3b1d56ed11d6bc8fea97f2745dc661
T04_A_Wall_Source,T04,T04_A,WallCorner,Structure,3,4,12,6,6,0,T04_A_WallCorner,fa570ab8b97616a38de678305a9a5c24a267e6ebcaa41d0724f74971501e15f9
T04_B_Wall_Source,T04,T04_B,WallCorner,Structure,3,4,12,6,6,0,T04_B_WallCorner,7081501b38c12835b457d96207677f28fb83df0461663846d7898eecee9a8369
T04_C_Wall_Source,T04,T04_C,WallCorner,Structure,3,4,12,6,6,0,T04_C_WallCorner,4782f327d5a128a221d7ebcac856e39082b6b3b8ad00725dd8baa594d7a7272b
T05_A_Source,T05,T05_A,Platform,Structure,8,4,32,30,2,0,T05_A_Platform,1d6bdbe58392ccefbfa0c00e93287371acaf15b995e4505d917e3acbf49105ef
T05_B_Source,T05,T05_B,Platform,Structure,8,4,32,30,2,0,T05_B_Platform,ba34ebdae48e27c2bab6edfefc269ec32ea122bb6bcfae5f4def69771995f207
T05_C_Source,T05,T05_C,Platform,Structure,8,4,32,30,2,0,T05_C_Platform,7fc37ce3ca8529ec08fa3ef95b38957148fd0aee4461286f1eb7cf13025e1111
T05_D_Source,T05,T05_D,Bridge,Structure,12,5,60,44,16,0,T05_D_Bridge,e212ce8030cca386a8f5f733d2222958eaaecdef45cda93a78d34fa36492ddeb
T05_Mass_Source,T05,T05_A,Mass,Structure,14,7,98,92,6,0,T05_A_Mass,2b95642c7c02bd60af8e8249e1f20f1a713e81551ec208d65a6b887048e14a4f
T05_A_Fill_Source,T05,T05_A,FillPatch,InteriorOverlay,2,3,6,0,6,6,T05_A_FillPatch,9dcb30c0d24cff9dd3cbed2f2c7a9cfd4a04172705e2413265f7bcab39adc548
T05_B_Fill_Source,T05,T05_B,FillPatch,InteriorOverlay,2,3,6,0,6,6,T05_B_FillPatch,66ad16f28df2fee4515ef44727758346f96a6300a66f78cbbe6c1bb4564863b2
T05_C_Fill_Source,T05,T05_C,FillPatch,InteriorOverlay,2,2,4,0,4,4,T05_C_FillPatch,1fe4af976086429d1ec5efb6d780191f2ae59981f8880c480f68dbe25ef5b0e9
T05_D_Fill_Source,T05,T05_D,FillPatch,InteriorOverlay,2,3,6,0,6,6,T05_D_FillPatch,67015dc050d6b043820d16551e5b969e40a55baa942fc2fff4fc81bfc1766b58
T05_A_Wall_Source,T05,T05_A,WallCorner,Structure,3,4,12,6,6,0,T05_A_WallCorner,d5300b682dbda3252fa83a8d7c961dd9d29ec52fb9e4ba28f3cb9715f4e4432a
T05_B_Wall_Source,T05,T05_B,WallCorner,Structure,3,4,12,6,6,0,T05_B_WallCorner,7a8c1aca08429ce2bb32492e418196ca0eabcee0d55d6f8a3afd81f66ebdecd4
T05_C_Wall_Source,T05,T05_C,WallCorner,Structure,3,4,12,6,6,0,T05_C_WallCorner,cbe2691d87da663293b6ade18b8b773aaef88a8be1f1f2a7ad5e9556b08b213f
