real,local,theme,frame,cameraDirection,rabbitDirection,rabbitX,rabbitY,footY
0.0000,8.8342,1,3,-1,1,255,436,526
0.1049,8.9396,1,5,-1,1,264,436,526
0.1557,8.9904,1,5,-1,1,268,436,526
0.2059,9.0406,1,6,-1,1,272,436,526
0.2563,9.0910,1,7,-1,1,276,436,526
0.3076,9.1419,1,7,-1,1,281,436,526
0.3588,9.1929,1,0,-1,1,285,436,526
0.4098,9.2444,1,1,-1,1,289,436,526
0.4601,9.2948,1,2,-1,1,293,436,526
0.5105,9.3451,1,2,-1,1,298,436,526
0.6191,9.4538,1,4,-1,1,307,436,526
0.6707,9.5047,1,5,-1,1,311,436,526
0.7217,9.5563,1,5,-1,1,315,436,526
0.7720,9.6064,1,6,-1,1,319,436,526
0.8225,9.6570,1,7,-1,1,323,436,526
0.8735,9.7082,1,7,-1,1,328,436,526
0.9242,9.7589,1,0,-1,1,332,436,526
0.9751,9.8095,1,1,-1,1,336,436,526
1.0262,9.8606,1,2,-1,1,340,436,526
1.1341,9.9685,1,3,-1,1,349,436,526
1.1855,10.0200,2,4,-1,1,-62,436,526
1.2356,10.0702,2,4,-1,1,-58,436,526
1.2867,10.1212,2,5,-1,1,-54,436,526
1.3379,10.1725,2,6,-1,1,-50,436,526
1.3881,10.2216,2,7,-1,1,-46,436,526
1.4384,10.2731,2,7,-1,1,-41,436,526
1.4895,10.3239,2,0,-1,1,-37,436,526
1.5399,10.3743,2,1,-1,1,-33,436,526
1.6486,10.4828,2,2,-1,1,-24,436,526
1.6989,10.5334,2,3,-1,1,-20,436,526
1.7490,10.5836,2,4,-1,1,-15,436,526
1.7990,10.6335,2,4,-1,1,-11,436,526
1.8493,10.6837,2,5,-1,1,-7,436,526
1.9002,10.7347,2,6,-1,1,-3,436,526
1.9505,10.7848,2,6,-1,1,1,436,526
2.0008,10.8353,2,7,-1,1,5,436,526
2.0518,10.8863,2,0,-1,1,10,436,526
2.1636,10.9980,2,1,-1,1,19,436,526
2.2151,11.0495,2,2,-1,1,23,436,526
2.2662,11.1008,2,3,-1,1,28,436,526
2.3173,11.1520,2,4,-1,1,32,436,526
2.3678,11.2023,2,4,-1,1,36,436,526
2.4191,11.2534,2,5,-1,1,40,436,526
2.4699,11.3044,2,6,-1,1,45,436,526
2.5207,11.3546,2,6,-1,1,49,436,526
2.5715,11.4062,2,7,-1,1,53,436,526
2.6806,11.5150,2,1,-1,1,62,436,526
2.7311,11.5644,2,1,-1,1,66,436,526
2.7818,11.6165,2,2,-1,1,70,436,526
2.8326,11.6670,2,3,-1,1,75,436,526
2.8835,11.7175,2,4,-1,1,79,436,526
2.9345,11.7689,2,4,-1,1,83,436,526
2.9855,11.8195,2,5,-1,1,87,436,526
3.0357,11.8703,2,6,-1,1,92,436,526
3.0869,11.9215,2,6,-1,1,96,436,526
3.1971,12.0318,2,0,-1,1,105,436,526
3.2479,12.0822,2,1,-1,1,109,436,526
3.2989,12.1334,2,1,-1,1,114,436,526
3.3501,12.1847,2,2,-1,1,118,436,526
3.4011,12.2351,2,3,-1,1,122,436,526
3.4524,12.2869,2,4,-1,1,126,436,526
3.5031,12.3376,2,4,-1,1,130,436,526
3.5536,12.3881,2,5,-1,1,135,436,526
3.6052,12.4395,2,6,-1,1,139,436,526
3.7203,12.5546,2,7,-1,1,149,436,526
3.7707,12.6051,2,0,-1,1,153,436,526
3.8219,12.6564,2,1,-1,1,157,436,526
3.8727,12.7074,2,1,-1,1,161,436,526
3.9236,12.7579,2,2,-1,1,165,436,526
3.9747,12.8094,2,3,-1,1,170,436,526
4.0259,12.8606,2,4,-1,1,174,436,526
4.0770,12.9116,2,4,-1,1,178,436,526
4.1278,12.9625,2,5,-1,1,182,436,526
4.2401,13.0738,2,7,-1,1,192,436,526
4.2901,13.1247,2,7,-1,1,196,436,526
4.3439,13.1756,2,0,-1,1,200,436,526
4.3949,13.2296,2,1,-1,1,205,436,526
4.4456,13.2802,2,1,-1,1,209,436,526
4.4962,13.3309,2,2,-1,1,213,436,526
4.5471,13.3817,2,3,-1,1,217,436,526
4.5977,13.4320,2,4,-1,1,222,436,526
4.6490,13.4835,2,4,-1,1,226,436,526
4.7599,13.5945,2,6,-1,1,235,436,526
4.8103,13.6448,2,7,-1,1,239,436,526
4.8610,13.6953,2,7,-1,1,243,436,526
4.9122,13.7463,2,0,-1,1,248,436,526
4.9625,13.7966,2,1,-1,1,252,436,526
5.0132,13.8479,2,1,-1,1,256,436,526
5.0641,13.8984,2,2,-1,1,260,436,526
5.1147,13.9491,2,3,-1,1,265,436,526
5.1651,13.9998,2,3,-1,1,269,436,526
5.2793,14.1137,2,5,-1,1,278,436,526
5.3301,14.1646,2,6,-1,1,282,436,526
5.3802,14.2140,2,6,-1,1,287,436,526
5.4311,14.2655,2,7,-1,1,291,436,526
5.4820,14.3162,2,0,-1,1,295,436,526
5.5324,14.3668,2,1,-1,1,299,436,526
5.5834,14.4181,2,1,-1,1,304,436,526
5.6350,14.4691,2,2,-1,1,308,436,526
5.6858,14.5196,2,3,-1,1,312,436,526
5.7946,14.6290,2,4,-1,1,321,436,526
5.8455,14.6802,2,5,-1,1,325,436,526
5.8958,14.7302,2,6,-1,1,330,436,526
5.9467,14.7813,2,6,-1,1,334,436,526
5.9978,14.8320,2,7,-1,1,338,436,526
6.0493,14.8832,2,0,-1,1,342,436,526
6.1003,14.9349,2,1,-1,1,347,436,526
6.1511,14.9858,2,1,-1,1,351,436,526
6.2012,15.0359,3,2,1,-1,349,436,526
6.3144,15.1492,3,4,1,-1,340,436,526
6.3715,15.1990,3,4,1,-1,335,436,526
6.4228,15.2570,3,5,1,-1,331,436,526
6.4739,15.3085,3,6,1,-1,326,436,526
6.5252,15.3597,3,7,1,-1,322,436,526
6.5762,15.4107,3,7,1,-1,318,436,526
6.6265,15.4608,3,0,1,-1,314,436,526
6.6767,15.5112,3,1,1,-1,309,436,526
6.7277,15.5623,3,1,1,-1,305,436,526
6.8410,15.6748,3,3,1,-1,296,436,526
6.8918,15.7265,3,4,1,-1,292,436,526
6.9420,15.7766,3,4,1,-1,287,436,526
6.9923,15.8267,3,5,1,-1,283,436,526
7.0438,15.8764,3,6,1,-1,279,436,526
7.0954,15.9296,3,7,1,-1,275,436,526
7.1459,15.9802,3,7,1,-1,270,436,526
7.1961,16.0305,3,0,1,-1,266,436,526
7.2467,16.0813,3,1,1,-1,262,436,526
7.3546,16.1892,3,2,1,-1,253,436,526
7.4056,16.2399,3,3,1,-1,249,436,526
7.4559,16.2903,3,4,1,-1,245,436,526
7.5074,16.3411,3,4,1,-1,240,436,526
7.5575,16.3915,3,5,1,-1,236,436,526
7.6083,16.4423,3,6,1,-1,232,436,526
7.6590,16.4934,3,6,1,-1,228,436,526
7.7102,16.5446,3,7,1,-1,223,436,526
7.7609,16.5956,3,0,1,-1,219,436,526
7.8725,16.7070,3,1,1,-1,210,436,526
7.9227,16.7574,3,2,1,-1,206,436,526
7.9729,16.8068,3,3,1,-1,202,436,526
8.0231,16.8577,3,4,1,-1,197,436,526
8.0746,16.9082,3,4,1,-1,193,436,526
8.1250,16.9594,3,5,1,-1,189,436,526
8.1762,17.0105,3,6,1,-1,185,436,526
8.2264,17.0607,3,6,1,-1,181,436,526
8.2772,17.1116,3,7,1,-1,176,436,526
8.3915,17.2259,3,1,1,-1,167,436,526
8.4416,17.2762,3,1,1,-1,163,436,526
8.4922,17.3266,3,2,1,-1,158,436,526
8.5430,17.3776,3,3,1,-1,154,436,526
8.5941,17.4276,3,3,1,-1,150,436,526
8.6444,17.4789,3,4,1,-1,146,436,526
8.6955,17.5298,3,5,1,-1,142,436,526
8.7489,17.5777,3,6,1,-1,138,436,526
8.7998,17.6338,3,6,1,-1,133,436,526
8.9133,17.7478,3,0,1,-1,123,436,526
8.9640,17.7984,3,1,1,-1,119,436,526
9.0153,17.8496,3,1,1,-1,115,436,526
9.0654,17.9000,3,2,1,-1,111,436,526
9.1167,17.9507,3,3,1,-1,107,436,526
9.1670,18.0015,3,4,1,-1,102,436,526
9.2176,18.0521,3,4,1,-1,98,436,526
9.2684,18.1028,3,5,1,-1,94,436,526
9.3186,18.1530,3,6,1,-1,90,436,526
9.4273,18.2620,3,7,1,-1,81,436,526
9.4785,18.3131,3,0,1,-1,76,436,526
9.5299,18.3642,3,1,1,-1,72,436,526
9.5808,18.4153,3,1,1,-1,68,436,526
9.6314,18.4656,3,2,1,-1,64,436,526
9.6823,18.5170,3,3,1,-1,59,436,526
9.7330,18.5674,3,3,1,-1,55,436,526
9.7845,18.6185,3,4,1,-1,51,436,526
9.8346,18.6599,3,5,1,-1,47,436,526
9.9482,18.7826,3,6,1,-1,37,436,526
9.9994,18.8337,3,7,1,-1,33,436,526
10.0510,18.8853,3,0,1,-1,29,436,526
10.1013,18.9359,3,1,1,-1,25,436,526
10.1517,18.9855,3,1,1,-1,20,436,526
10.2019,19.0364,3,2,1,-1,16,436,526
10.2524,19.0869,3,3,1,-1,12,436,526
10.3030,19.1375,3,3,1,-1,8,436,526
10.3539,19.1883,3,4,1,-1,4,436,526
10.4692,19.3029,3,6,1,-1,-6,436,526
10.5195,19.3541,3,6,1,-1,-10,436,526
10.5707,19.4053,3,7,1,-1,-15,436,526
10.6213,19.4551,3,0,1,-1,-19,436,526
10.6725,19.5067,3,1,1,-1,-23,436,526
10.7228,19.5569,3,1,1,-1,-27,436,526
10.7743,19.6085,3,2,1,-1,-31,436,526
10.8251,19.6596,3,3,1,-1,-36,436,526
10.8755,19.7099,3,3,1,-1,-40,436,526
10.9875,19.8222,3,5,1,-1,-49,436,526
11.0397,19.8732,3,6,1,-1,-53,436,526
11.0903,19.9247,3,6,1,-1,-58,436,526
11.1406,19.9750,3,7,1,-1,-62,436,526
11.1935,20.0178,4,0,1,-1,351,436,526
11.2445,20.0789,4,1,1,-1,345,436,526
11.2954,20.1297,4,1,1,-1,341,436,526
11.3464,20.1806,4,2,1,-1,337,436,526
11.3969,20.2312,4,3,1,-1,333,436,526
11.5164,20.3505,4,4,1,-1,323,436,526
11.5666,20.4014,4,5,1,-1,319,436,526
11.6179,20.4520,4,6,1,-1,314,436,526
11.6680,20.5027,4,7,1,-1,310,436,526
11.7181,20.5524,4,7,1,-1,306,436,526
11.7686,20.6028,4,0,1,-1,302,436,526
11.8196,20.6542,4,1,1,-1,298,436,526
11.8707,20.7052,4,1,1,-1,293,436,526
11.9217,20.7561,4,2,1,-1,289,436,526
12.0299,20.8646,4,4,1,-1,280,436,526
12.0813,20.9158,4,4,1,-1,276,436,526
12.1327,20.9670,4,5,1,-1,272,436,526
12.1832,21.0178,4,6,1,-1,267,436,526
12.2337,21.0680,4,6,1,-1,263,436,526
12.2848,21.1194,4,7,1,-1,259,436,526
12.3351,21.1696,4,0,1,-1,255,436,526
12.3856,21.2203,4,1,1,-1,250,436,526
12.4365,21.2713,4,1,1,-1,246,436,526
12.5545,21.3888,4,3,1,-1,236,436,526
12.6052,21.4397,4,4,1,-1,232,436,526
12.6557,21.4902,4,4,1,-1,228,436,526
12.7066,21.5410,4,5,1,-1,224,436,526
12.7567,21.5910,4,6,1,-1,220,436,526
12.8071,21.6414,4,6,1,-1,215,436,526
12.8576,21.6922,4,7,1,-1,211,436,526
12.9088,21.7435,4,0,1,-1,207,436,526
12.9592,21.7928,4,1,1,-1,203,436,526
13.0720,21.9066,4,2,1,-1,193,436,526
13.1225,21.9573,4,3,1,-1,189,436,526
13.1730,22.0078,4,4,1,-1,185,436,526
13.2242,22.0588,4,4,1,-1,181,436,526
13.2744,22.1079,4,5,1,-1,177,436,526
13.3248,22.1595,4,6,1,-1,172,436,526
13.3763,22.2107,4,6,1,-1,168,436,526
13.4270,22.2608,4,7,1,-1,164,436,526
13.4781,22.3128,4,0,1,-1,160,436,526
13.5931,22.4278,4,1,1,-1,150,436,526
13.6441,22.4786,4,2,1,-1,146,436,526
13.6949,22.5294,4,3,1,-1,142,436,526
13.7454,22.5797,4,4,1,-1,137,436,526
13.7965,22.6311,4,4,1,-1,133,436,526
13.8472,22.6815,4,5,1,-1,129,436,526
13.8981,22.7327,4,6,1,-1,125,436,526
13.9491,22.7836,4,6,1,-1,120,436,526
14.0004,22.8347,4,7,1,-1,116,436,526
14.1187,22.9502,4,1,1,-1,107,436,526
14.1687,23.0033,4,2,1,-1,102,436,526
14.2190,23.0534,4,2,1,-1,98,436,526
14.2690,23.1038,4,3,1,-1,94,436,526
14.3200,23.1540,4,4,1,-1,90,436,526
14.3712,23.2058,4,4,1,-1,85,436,526
14.4219,23.2561,4,5,1,-1,81,436,526
14.4723,23.3071,4,6,1,-1,77,436,526
14.5224,23.3571,4,6,1,-1,73,436,526
14.6306,23.4650,4,0,1,-1,64,436,526
14.6832,23.5118,4,1,1,-1,60,436,526
14.7334,23.5680,4,1,1,-1,55,436,526
14.7839,23.6183,4,2,1,-1,51,436,526
14.8345,23.6688,4,3,1,-1,47,436,526
14.8876,23.7183,4,4,1,-1,43,436,526
14.9382,23.7724,4,4,1,-1,38,436,526
14.9886,23.8232,4,5,1,-1,34,436,526
15.0391,23.8734,4,6,1,-1,30,436,526
15.1472,23.9815,4,7,1,-1,21,436,526
15.1980,24.0327,4,0,1,-1,16,436,526
15.2496,24.0838,4,1,1,-1,12,436,526
15.3008,24.1354,4,1,1,-1,8,436,526
15.3519,24.1853,4,2,1,-1,4,436,526
15.4026,24.2373,4,3,1,-1,-1,436,526
15.4583,24.2842,4,3,1,-1,-4,436,526
15.5094,24.3439,4,4,1,-1,-9,436,526
15.5607,24.3952,4,5,1,-1,-14,436,526
15.6681,24.5026,4,7,1,-1,-23,436,526
15.7182,24.5526,4,7,1,-1,-27,436,526
15.7695,24.6040,4,0,1,-1,-31,436,526
15.8207,24.6549,4,1,1,-1,-35,436,526
15.8719,24.7060,4,1,1,-1,-40,436,526
15.9221,24.7566,4,2,1,-1,-44,436,526
15.9730,24.8074,4,3,1,-1,-48,436,526
16.0239,24.8584,4,4,1,-1,-52,436,526
16.0741,24.9086,4,4,1,-1,-56,436,526
16.1864,25.0208,0,6,1,-1,350,436,526
16.2371,25.0717,0,7,1,-1,346,436,526
16.2887,25.1229,0,7,1,-1,342,436,526
16.3395,25.1738,0,0,1,-1,338,436,526
16.3901,25.2245,0,1,1,-1,333,436,526
16.4416,25.2757,0,1,1,-1,329,436,526
16.4920,25.3265,0,2,1,-1,325,436,526
16.5424,25.3767,0,3,1,-1,321,436,526
16.5965,25.4259,0,3,1,-1,317,436,526
16.7050,25.5395,0,5,1,-1,307,436,526
16.7559,25.5903,0,6,1,-1,303,436,526
16.8060,25.6404,0,6,1,-1,299,436,526
16.8571,25.6917,0,7,1,-1,294,436,526
16.9081,25.7422,0,0,1,-1,290,436,526
16.9593,25.7938,0,1,1,-1,286,436,526
17.0101,25.8445,0,1,1,-1,282,436,526
17.0602,25.8948,0,2,1,-1,278,436,526
17.1103,25.9447,0,3,1,-1,273,436,526
17.2222,26.0567,0,4,1,-1,264,436,526
17.2723,26.1069,0,5,1,-1,260,436,526
17.3237,26.1578,0,6,1,-1,256,436,526
17.3747,26.2090,0,6,1,-1,251,436,526
17.4250,26.2591,0,7,1,-1,247,436,526
17.4758,26.3104,0,0,1,-1,243,436,526
17.5267,26.3611,0,1,1,-1,239,436,526
17.5780,26.4126,0,1,1,-1,234,436,526
17.6291,26.4636,0,2,1,-1,230,436,526
17.7395,26.5741,0,4,1,-1,221,436,526
17.7945,26.6204,0,4,1,-1,217,436,526
17.8451,26.6798,0,5,1,-1,212,436,526
17.8966,26.7309,0,6,1,-1,208,436,526
17.9471,26.7816,0,6,1,-1,204,436,526
17.9981,26.8323,0,7,1,-1,200,436,526
18.0485,26.8832,0,0,1,-1,195,436,526
18.0988,26.9333,0,1,1,-1,191,436,526
18.1495,26.9840,0,1,1,-1,187,436,526
18.2584,27.0930,0,3,1,-1,178,436,526
18.3089,27.1434,0,4,1,-1,174,436,526
18.3599,27.1946,0,4,1,-1,169,436,526
18.4109,27.2448,0,5,1,-1,165,436,526
18.4614,27.2957,0,6,1,-1,161,436,526
18.5124,27.3471,0,6,1,-1,157,436,526
18.5632,27.3977,0,7,1,-1,153,436,526
18.6139,27.4484,0,0,1,-1,148,436,526
18.6639,27.4985,0,0,1,-1,144,436,526
18.7763,27.6103,0,2,1,-1,135,436,526
18.8276,27.6620,0,3,1,-1,131,436,526
18.8786,27.7131,0,3,1,-1,126,436,526
18.9295,27.7641,0,4,1,-1,122,436,526
18.9799,27.8136,0,5,1,-1,118,436,526
19.0301,27.8644,0,6,1,-1,114,436,526
19.0811,27.9159,0,6,1,-1,109,436,526
19.1319,27.9665,0,7,1,-1,105,436,526
19.1831,28.0177,0,0,1,-1,101,436,526
19.2968,28.1315,0,1,1,-1,91,436,526
19.3479,28.1822,0,2,1,-1,87,436,526
19.3991,28.2337,0,3,1,-1,83,436,526
19.4508,28.2849,0,3,1,-1,79,436,526
19.5013,28.3354,0,4,1,-1,74,436,526
19.5523,28.3871,0,5,1,-1,70,436,526
19.6042,28.4378,0,6,1,-1,66,436,526
19.6553,28.4900,0,6,1,-1,62,436,526
19.7067,28.5410,0,7,1,-1,57,436,526
19.8164,28.6510,0,1,1,-1,48,436,526
19.8664,28.7009,0,1,1,-1,44,436,526
19.9166,28.7514,0,2,1,-1,40,436,526
19.9670,28.8017,0,3,1,-1,36,436,526
20.0171,28.8519,0,3,1,-1,32,436,526
20.0684,28.9029,0,4,1,-1,27,436,526
20.1188,28.9533,0,5,1,-1,23,436,526
20.1691,29.0036,0,6,1,-1,19,436,526
20.2191,29.0533,0,6,1,-1,15,436,526
20.3301,29.1644,0,0,1,-1,6,436,526
20.3803,29.2150,0,1,1,-1,1,436,526
20.4315,29.2662,0,1,1,-1,-3,436,526
20.4822,29.3166,0,2,1,-1,-7,436,526
20.5331,29.3674,0,3,1,-1,-11,436,526
20.5840,29.4185,0,3,1,-1,-16,436,526
20.6343,29.4690,0,4,1,-1,-20,436,526
20.6851,29.5198,0,5,1,-1,-24,436,526
20.7416,29.5678,0,5,1,-1,-28,436,526
20.8529,29.6876,0,7,1,-1,-38,436,526
20.9032,29.7379,0,0,1,-1,-42,436,526
20.9532,29.7879,0,1,1,-1,-46,436,526
21.0038,29.8384,0,1,1,-1,-51,436,526
21.0548,29.8887,0,2,1,-1,-55,436,526
21.1057,29.9400,0,3,1,-1,-59,436,526
21.1575,29.9916,0,3,1,-1,-63,436,526
21.2080,30.0423,1,4,1,-1,348,436,526
21.2586,30.0927,1,5,1,-1,344,436,526
21.3722,30.2066,1,6,1,-1,335,436,526
21.4230,30.2577,1,7,1,-1,331,436,526
21.4737,30.3084,1,0,1,-1,326,436,526
21.5240,30.3583,1,1,1,-1,322,436,526
21.5749,30.4095,1,1,1,-1,318,436,526
21.6262,30.4606,1,2,1,-1,314,436,526
21.6771,30.5116,1,3,1,-1,309,436,526
21.7284,30.5624,1,3,1,-1,305,436,526
21.7786,30.6133,1,4,1,-1,301,436,526
21.8905,30.7198,1,6,1,-1,292,436,526
21.9414,30.7753,1,6,1,-1,287,436,526
21.9915,30.8262,1,7,1,-1,283,436,526
22.0415,30.8756,1,0,1,-1,279,436,526
22.0916,30.9263,1,0,1,-1,275,436,526
22.1427,30.9772,1,1,1,-1,271,436,526
22.1937,31.0283,1,2,1,-1,266,436,526
22.2443,31.0791,1,3,1,-1,262,436,526
22.2948,31.1294,1,3,1,-1,258,436,526
22.4038,31.2384,1,5,1,-1,249,436,526
22.4541,31.2887,1,6,1,-1,245,436,526
22.5043,31.3391,1,6,1,-1,241,436,526
22.5546,31.3893,1,7,1,-1,236,436,526
22.6062,31.4404,1,0,1,-1,232,436,526
22.6566,31.4909,1,0,1,-1,228,436,526
22.7075,31.5422,1,1,1,-1,224,436,526
22.7576,31.5923,1,2,1,-1,220,436,526
22.8083,31.6424,1,2,1,-1,215,436,526
22.9188,31.7535,1,4,1,-1,206,436,526
22.9695,31.8043,1,5,1,-1,202,436,526
23.0206,31.8552,1,5,1,-1,198,436,526
23.0721,31.9065,1,6,1,-1,193,436,526
23.1234,31.9579,1,7,1,-1,189,436,526
23.1738,32.0083,1,0,1,-1,185,436,526
23.2239,32.0586,1,0,1,-1,181,436,526
23.2749,32.1090,1,1,1,-1,177,436,526
23.3259,32.1605,1,2,1,-1,172,436,526
23.4339,32.2685,1,3,1,-1,163,436,526
23.4839,32.3186,1,4,1,-1,159,436,526
23.5345,32.3692,1,5,1,-1,155,436,526
23.5850,32.4197,1,5,1,-1,151,436,526
23.6363,32.4704,1,6,1,-1,146,436,526
23.6879,32.5222,1,7,1,-1,142,436,526
23.7380,32.5727,1,0,1,-1,138,436,526
23.7887,32.6234,1,0,1,-1,134,436,526
23.8400,32.6744,1,1,1,-1,129,436,526
23.9478,32.7825,1,2,1,-1,120,436,526
23.9982,32.8330,1,3,1,-1,116,436,526
24.0491,32.8839,1,4,1,-1,112,436,526
24.0997,32.9344,1,5,1,-1,108,436,526
24.1505,32.9846,1,5,1,-1,104,436,526
24.2012,33.0357,1,6,1,-1,99,436,526
24.2516,33.0860,1,7,1,-1,95,436,526
24.3021,33.1365,1,7,1,-1,91,436,526
24.3525,33.1869,1,0,1,-1,87,436,526
24.4603,33.2951,1,2,1,-1,78,436,526
24.5113,33.3458,1,2,1,-1,74,436,526
24.5626,33.3971,1,3,1,-1,69,436,526
24.6183,33.4460,1,4,1,-1,65,436,526
24.6686,33.5030,1,5,1,-1,61,436,526
24.7193,33.5537,1,5,1,-1,56,436,526
24.7701,33.6046,1,6,1,-1,52,436,526
24.8210,33.6557,1,7,1,-1,48,436,526
24.8712,33.7057,1,7,1,-1,44,436,526
24.9792,33.8137,1,1,1,-1,35,436,526
25.0298,33.8642,1,2,1,-1,30,436,526
25.0801,33.9144,1,2,1,-1,26,436,526
25.1312,33.9657,1,3,1,-1,22,436,526
25.1814,34.0158,1,4,1,-1,18,436,526
25.2316,34.0660,1,4,1,-1,14,436,526
25.2823,34.1167,1,5,1,-1,9,436,526
25.3324,34.1671,1,6,1,-1,5,436,526
25.3833,34.2176,1,7,1,-1,1,436,526
25.4916,34.3263,1,0,1,-1,-8,436,526
25.5424,34.3768,1,1,1,-1,-12,436,526
25.5929,34.4276,1,1,1,-1,-16,436,526
25.6434,34.4767,1,2,1,-1,-20,436,526
25.6937,34.5277,1,3,1,-1,-25,436,526
25.7441,34.5786,1,4,1,-1,-29,436,526
25.7944,34.6288,1,4,1,-1,-33,436,526
25.8458,34.6802,1,5,1,-1,-37,436,526
25.8962,34.7308,1,6,1,-1,-42,436,526
