theme,p,camera,rabbit,frame,opaque,upperOpaque,changed,upperChanged,viewportClipped
1,0.2,-1,-1,0,1769,1026,0,0,0
1,0.2,-1,-1,1,1593,941,0,0,0
1,0.2,-1,-1,2,1665,1004,0,0,0
1,0.2,-1,-1,3,1581,994,0,0,0
1,0.2,-1,-1,4,1858,1114,0,0,0
1,0.2,-1,-1,5,1663,994,0,0,0
1,0.2,-1,-1,6,1724,1085,0,0,0
1,0.2,-1,-1,7,1602,989,0,0,0
1,0.2,-1,1,0,1769,1026,0,0,0
1,0.2,-1,1,1,1593,941,0,0,0
1,0.2,-1,1,2,1665,1004,0,0,0
1,0.2,-1,1,3,1581,994,0,0,0
1,0.2,-1,1,4,1858,1114,0,0,0
1,0.2,-1,1,5,1663,994,0,0,0
1,0.2,-1,1,6,1724,1085,0,0,0
1,0.2,-1,1,7,1602,989,0,0,0
1,0.2,1,-1,0,1769,1026,0,0,0
1,0.2,1,-1,1,1593,941,0,0,0
1,0.2,1,-1,2,1665,1004,0,0,0
1,0.2,1,-1,3,1581,994,0,0,0
1,0.2,1,-1,4,1858,1114,0,0,0
1,0.2,1,-1,5,1663,994,0,0,0
1,0.2,1,-1,6,1724,1085,0,0,0
1,0.2,1,-1,7,1602,989,0,0,0
1,0.2,1,1,0,1769,1026,0,0,0
1,0.2,1,1,1,1593,941,0,0,0
1,0.2,1,1,2,1665,1004,0,0,0
1,0.2,1,1,3,1581,994,0,0,0
1,0.2,1,1,4,1858,1114,0,0,0
1,0.2,1,1,5,1663,994,0,0,0
1,0.2,1,1,6,1724,1085,0,0,0
1,0.2,1,1,7,1602,989,0,0,0
1,0.35,-1,-1,0,1769,1026,0,0,0
1,0.35,-1,-1,1,1593,941,0,0,0
1,0.35,-1,-1,2,1665,1004,0,0,0
1,0.35,-1,-1,3,1581,994,0,0,0
1,0.35,-1,-1,4,1858,1114,0,0,0
1,0.35,-1,-1,5,1663,994,0,0,0
1,0.35,-1,-1,6,1724,1085,0,0,0
1,0.35,-1,-1,7,1602,989,0,0,0
1,0.35,-1,1,0,1769,1026,0,0,0
1,0.35,-1,1,1,1593,941,0,0,0
1,0.35,-1,1,2,1665,1004,0,0,0
1,0.35,-1,1,3,1581,994,0,0,0
1,0.35,-1,1,4,1858,1114,0,0,0
1,0.35,-1,1,5,1663,994,0,0,0
1,0.35,-1,1,6,1724,1085,0,0,0
1,0.35,-1,1,7,1602,989,0,0,0
1,0.35,1,-1,0,1769,1026,0,0,0
1,0.35,1,-1,1,1593,941,0,0,0
1,0.35,1,-1,2,1665,1004,0,0,0
1,0.35,1,-1,3,1581,994,0,0,0
1,0.35,1,-1,4,1858,1114,0,0,0
1,0.35,1,-1,5,1663,994,0,0,0
1,0.35,1,-1,6,1724,1085,0,0,0
1,0.35,1,-1,7,1602,989,0,0,0
1,0.35,1,1,0,1769,1026,0,0,0
1,0.35,1,1,1,1593,941,0,0,0
1,0.35,1,1,2,1665,1004,0,0,0
1,0.35,1,1,3,1581,994,0,0,0
1,0.35,1,1,4,1858,1114,0,0,0
1,0.35,1,1,5,1663,994,0,0,0
1,0.35,1,1,6,1724,1085,0,0,0
1,0.35,1,1,7,1602,989,0,0,0
1,0.5,-1,-1,0,1769,1026,0,0,0
1,0.5,-1,-1,1,1593,941,0,0,0
1,0.5,-1,-1,2,1665,1004,0,0,0
1,0.5,-1,-1,3,1581,994,0,0,0
1,0.5,-1,-1,4,1858,1114,0,0,0
1,0.5,-1,-1,5,1663,994,0,0,0
1,0.5,-1,-1,6,1724,1085,0,0,0
1,0.5,-1,-1,7,1602,989,0,0,0
1,0.5,-1,1,0,1769,1026,0,0,0
1,0.5,-1,1,1,1593,941,0,0,0
1,0.5,-1,1,2,1665,1004,0,0,0
1,0.5,-1,1,3,1581,994,0,0,0
1,0.5,-1,1,4,1858,1114,0,0,0
1,0.5,-1,1,5,1663,994,0,0,0
1,0.5,-1,1,6,1724,1085,0,0,0
1,0.5,-1,1,7,1602,989,0,0,0
1,0.5,1,-1,0,1769,1026,0,0,0
1,0.5,1,-1,1,1593,941,0,0,0
1,0.5,1,-1,2,1665,1004,0,0,0
1,0.5,1,-1,3,1581,994,0,0,0
1,0.5,1,-1,4,1858,1114,0,0,0
1,0.5,1,-1,5,1663,994,0,0,0
1,0.5,1,-1,6,1724,1085,0,0,0
1,0.5,1,-1,7,1602,989,0,0,0
1,0.5,1,1,0,1769,1026,0,0,0
1,0.5,1,1,1,1593,941,0,0,0
1,0.5,1,1,2,1665,1004,0,0,0
1,0.5,1,1,3,1581,994,0,0,0
1,0.5,1,1,4,1858,1114,0,0,0
1,0.5,1,1,5,1663,994,0,0,0
1,0.5,1,1,6,1724,1085,0,0,0
1,0.5,1,1,7,1602,989,0,0,0
1,0.65,-1,-1,0,1769,1026,0,0,0
1,0.65,-1,-1,1,1593,941,0,0,0
1,0.65,-1,-1,2,1665,1004,0,0,0
1,0.65,-1,-1,3,1581,994,0,0,0
1,0.65,-1,-1,4,1858,1114,0,0,0
1,0.65,-1,-1,5,1663,994,0,0,0
1,0.65,-1,-1,6,1724,1085,0,0,0
1,0.65,-1,-1,7,1602,989,0,0,0
1,0.65,-1,1,0,1769,1026,0,0,0
1,0.65,-1,1,1,1593,941,0,0,0
1,0.65,-1,1,2,1665,1004,0,0,0
1,0.65,-1,1,3,1581,994,0,0,0
1,0.65,-1,1,4,1858,1114,0,0,0
1,0.65,-1,1,5,1663,994,0,0,0
1,0.65,-1,1,6,1724,1085,0,0,0
1,0.65,-1,1,7,1602,989,0,0,0
1,0.65,1,-1,0,1769,1026,0,0,0
1,0.65,1,-1,1,1593,941,0,0,0
1,0.65,1,-1,2,1665,1004,0,0,0
1,0.65,1,-1,3,1581,994,0,0,0
1,0.65,1,-1,4,1858,1114,0,0,0
1,0.65,1,-1,5,1663,994,0,0,0
1,0.65,1,-1,6,1724,1085,0,0,0
1,0.65,1,-1,7,1602,989,0,0,0
1,0.65,1,1,0,1769,1026,0,0,0
1,0.65,1,1,1,1593,941,0,0,0
1,0.65,1,1,2,1665,1004,0,0,0
1,0.65,1,1,3,1581,994,0,0,0
1,0.65,1,1,4,1858,1114,0,0,0
1,0.65,1,1,5,1663,994,0,0,0
1,0.65,1,1,6,1724,1085,0,0,0
1,0.65,1,1,7,1602,989,0,0,0
1,0.8,-1,-1,0,1769,1026,0,0,0
1,0.8,-1,-1,1,1593,941,0,0,0
1,0.8,-1,-1,2,1665,1004,0,0,0
1,0.8,-1,-1,3,1581,994,0,0,0
1,0.8,-1,-1,4,1858,1114,0,0,0
1,0.8,-1,-1,5,1663,994,0,0,0
1,0.8,-1,-1,6,1724,1085,0,0,0
1,0.8,-1,-1,7,1602,989,0,0,0
1,0.8,-1,1,0,1769,1026,0,0,0
1,0.8,-1,1,1,1593,941,0,0,0
1,0.8,-1,1,2,1665,1004,0,0,0
1,0.8,-1,1,3,1581,994,0,0,0
1,0.8,-1,1,4,1858,1114,0,0,0
1,0.8,-1,1,5,1663,994,0,0,0
1,0.8,-1,1,6,1724,1085,0,0,0
1,0.8,-1,1,7,1602,989,0,0,0
1,0.8,1,-1,0,1769,1026,0,0,0
1,0.8,1,-1,1,1593,941,0,0,0
1,0.8,1,-1,2,1665,1004,0,0,0
1,0.8,1,-1,3,1581,994,0,0,0
1,0.8,1,-1,4,1858,1114,0,0,0
1,0.8,1,-1,5,1663,994,0,0,0
1,0.8,1,-1,6,1724,1085,0,0,0
1,0.8,1,-1,7,1602,989,0,0,0
1,0.8,1,1,0,1769,1026,0,0,0
1,0.8,1,1,1,1593,941,0,0,0
1,0.8,1,1,2,1665,1004,0,0,0
1,0.8,1,1,3,1581,994,0,0,0
1,0.8,1,1,4,1858,1114,0,0,0
1,0.8,1,1,5,1663,994,0,0,0
1,0.8,1,1,6,1724,1085,0,0,0
1,0.8,1,1,7,1602,989,0,0,0
2,0.2,-1,-1,0,1769,1026,0,0,0
2,0.2,-1,-1,1,1593,941,0,0,0
2,0.2,-1,-1,2,1665,1004,0,0,0
2,0.2,-1,-1,3,1581,994,0,0,0
2,0.2,-1,-1,4,1858,1114,0,0,0
2,0.2,-1,-1,5,1663,994,0,0,0
2,0.2,-1,-1,6,1724,1085,0,0,0
2,0.2,-1,-1,7,1602,989,0,0,0
2,0.2,-1,1,0,1769,1026,0,0,0
2,0.2,-1,1,1,1593,941,0,0,0
2,0.2,-1,1,2,1665,1004,0,0,0
2,0.2,-1,1,3,1581,994,0,0,0
2,0.2,-1,1,4,1858,1114,0,0,0
2,0.2,-1,1,5,1663,994,0,0,0
2,0.2,-1,1,6,1724,1085,0,0,0
2,0.2,-1,1,7,1602,989,0,0,0
2,0.2,1,-1,0,1769,1026,0,0,0
2,0.2,1,-1,1,1593,941,0,0,0
2,0.2,1,-1,2,1665,1004,0,0,0
2,0.2,1,-1,3,1581,994,0,0,0
2,0.2,1,-1,4,1858,1114,0,0,0
2,0.2,1,-1,5,1663,994,0,0,0
2,0.2,1,-1,6,1724,1085,0,0,0
2,0.2,1,-1,7,1602,989,0,0,0
2,0.2,1,1,0,1769,1026,0,0,0
2,0.2,1,1,1,1593,941,0,0,0
2,0.2,1,1,2,1665,1004,0,0,0
2,0.2,1,1,3,1581,994,0,0,0
2,0.2,1,1,4,1858,1114,0,0,0
2,0.2,1,1,5,1663,994,0,0,0
2,0.2,1,1,6,1724,1085,0,0,0
2,0.2,1,1,7,1602,989,0,0,0
2,0.35,-1,-1,0,1769,1026,0,0,0
2,0.35,-1,-1,1,1593,941,0,0,0
2,0.35,-1,-1,2,1665,1004,0,0,0
2,0.35,-1,-1,3,1581,994,0,0,0
2,0.35,-1,-1,4,1858,1114,0,0,0
2,0.35,-1,-1,5,1663,994,0,0,0
2,0.35,-1,-1,6,1724,1085,0,0,0
2,0.35,-1,-1,7,1602,989,0,0,0
2,0.35,-1,1,0,1769,1026,0,0,0
2,0.35,-1,1,1,1593,941,0,0,0
2,0.35,-1,1,2,1665,1004,0,0,0
2,0.35,-1,1,3,1581,994,0,0,0
2,0.35,-1,1,4,1858,1114,0,0,0
2,0.35,-1,1,5,1663,994,0,0,0
2,0.35,-1,1,6,1724,1085,0,0,0
2,0.35,-1,1,7,1602,989,0,0,0
2,0.35,1,-1,0,1769,1026,0,0,0
2,0.35,1,-1,1,1593,941,0,0,0
2,0.35,1,-1,2,1665,1004,0,0,0
2,0.35,1,-1,3,1581,994,0,0,0
2,0.35,1,-1,4,1858,1114,0,0,0
2,0.35,1,-1,5,1663,994,0,0,0
2,0.35,1,-1,6,1724,1085,0,0,0
2,0.35,1,-1,7,1602,989,0,0,0
2,0.35,1,1,0,1769,1026,0,0,0
2,0.35,1,1,1,1593,941,0,0,0
2,0.35,1,1,2,1665,1004,0,0,0
2,0.35,1,1,3,1581,994,0,0,0
2,0.35,1,1,4,1858,1114,0,0,0
2,0.35,1,1,5,1663,994,0,0,0
2,0.35,1,1,6,1724,1085,0,0,0
2,0.35,1,1,7,1602,989,0,0,0
2,0.5,-1,-1,0,1769,1026,0,0,0
2,0.5,-1,-1,1,1593,941,0,0,0
2,0.5,-1,-1,2,1665,1004,0,0,0
2,0.5,-1,-1,3,1581,994,0,0,0
2,0.5,-1,-1,4,1858,1114,0,0,0
2,0.5,-1,-1,5,1663,994,0,0,0
2,0.5,-1,-1,6,1724,1085,0,0,0
2,0.5,-1,-1,7,1602,989,0,0,0
2,0.5,-1,1,0,1769,1026,0,0,0
2,0.5,-1,1,1,1593,941,0,0,0
2,0.5,-1,1,2,1665,1004,0,0,0
2,0.5,-1,1,3,1581,994,0,0,0
2,0.5,-1,1,4,1858,1114,0,0,0
2,0.5,-1,1,5,1663,994,0,0,0
2,0.5,-1,1,6,1724,1085,0,0,0
2,0.5,-1,1,7,1602,989,0,0,0
2,0.5,1,-1,0,1769,1026,0,0,0
2,0.5,1,-1,1,1593,941,0,0,0
2,0.5,1,-1,2,1665,1004,0,0,0
2,0.5,1,-1,3,1581,994,0,0,0
2,0.5,1,-1,4,1858,1114,0,0,0
2,0.5,1,-1,5,1663,994,0,0,0
2,0.5,1,-1,6,1724,1085,0,0,0
2,0.5,1,-1,7,1602,989,0,0,0
2,0.5,1,1,0,1769,1026,0,0,0
2,0.5,1,1,1,1593,941,0,0,0
2,0.5,1,1,2,1665,1004,0,0,0
2,0.5,1,1,3,1581,994,0,0,0
2,0.5,1,1,4,1858,1114,0,0,0
2,0.5,1,1,5,1663,994,0,0,0
2,0.5,1,1,6,1724,1085,0,0,0
2,0.5,1,1,7,1602,989,0,0,0
2,0.65,-1,-1,0,1769,1026,0,0,0
2,0.65,-1,-1,1,1593,941,0,0,0
2,0.65,-1,-1,2,1665,1004,0,0,0
2,0.65,-1,-1,3,1581,994,0,0,0
2,0.65,-1,-1,4,1858,1114,0,0,0
2,0.65,-1,-1,5,1663,994,0,0,0
2,0.65,-1,-1,6,1724,1085,0,0,0
2,0.65,-1,-1,7,1602,989,0,0,0
2,0.65,-1,1,0,1769,1026,0,0,0
2,0.65,-1,1,1,1593,941,0,0,0
2,0.65,-1,1,2,1665,1004,0,0,0
2,0.65,-1,1,3,1581,994,0,0,0
2,0.65,-1,1,4,1858,1114,0,0,0
2,0.65,-1,1,5,1663,994,0,0,0
2,0.65,-1,1,6,1724,1085,0,0,0
2,0.65,-1,1,7,1602,989,0,0,0
2,0.65,1,-1,0,1769,1026,0,0,0
2,0.65,1,-1,1,1593,941,0,0,0
2,0.65,1,-1,2,1665,1004,0,0,0
2,0.65,1,-1,3,1581,994,0,0,0
2,0.65,1,-1,4,1858,1114,0,0,0
2,0.65,1,-1,5,1663,994,0,0,0
2,0.65,1,-1,6,1724,1085,0,0,0
2,0.65,1,-1,7,1602,989,0,0,0
2,0.65,1,1,0,1769,1026,0,0,0
2,0.65,1,1,1,1593,941,0,0,0
2,0.65,1,1,2,1665,1004,0,0,0
2,0.65,1,1,3,1581,994,0,0,0
2,0.65,1,1,4,1858,1114,0,0,0
2,0.65,1,1,5,1663,994,0,0,0
2,0.65,1,1,6,1724,1085,0,0,0
2,0.65,1,1,7,1602,989,0,0,0
2,0.8,-1,-1,0,1769,1026,0,0,0
2,0.8,-1,-1,1,1593,941,0,0,0
2,0.8,-1,-1,2,1665,1004,0,0,0
2,0.8,-1,-1,3,1581,994,0,0,0
2,0.8,-1,-1,4,1858,1114,0,0,0
2,0.8,-1,-1,5,1663,994,0,0,0
2,0.8,-1,-1,6,1724,1085,0,0,0
2,0.8,-1,-1,7,1602,989,0,0,0
2,0.8,-1,1,0,1769,1026,0,0,0
2,0.8,-1,1,1,1593,941,0,0,0
2,0.8,-1,1,2,1665,1004,0,0,0
2,0.8,-1,1,3,1581,994,0,0,0
2,0.8,-1,1,4,1858,1114,0,0,0
2,0.8,-1,1,5,1663,994,0,0,0
2,0.8,-1,1,6,1724,1085,0,0,0
2,0.8,-1,1,7,1602,989,0,0,0
2,0.8,1,-1,0,1769,1026,0,0,0
2,0.8,1,-1,1,1593,941,0,0,0
2,0.8,1,-1,2,1665,1004,0,0,0
2,0.8,1,-1,3,1581,994,0,0,0
2,0.8,1,-1,4,1858,1114,0,0,0
2,0.8,1,-1,5,1663,994,0,0,0
2,0.8,1,-1,6,1724,1085,0,0,0
2,0.8,1,-1,7,1602,989,0,0,0
2,0.8,1,1,0,1769,1026,0,0,0
2,0.8,1,1,1,1593,941,0,0,0
2,0.8,1,1,2,1665,1004,0,0,0
2,0.8,1,1,3,1581,994,0,0,0
2,0.8,1,1,4,1858,1114,0,0,0
2,0.8,1,1,5,1663,994,0,0,0
2,0.8,1,1,6,1724,1085,0,0,0
2,0.8,1,1,7,1602,989,0,0,0
3,0.2,-1,-1,0,1769,1026,0,0,0
3,0.2,-1,-1,1,1593,941,0,0,0
3,0.2,-1,-1,2,1665,1004,0,0,0
3,0.2,-1,-1,3,1581,994,0,0,0
3,0.2,-1,-1,4,1858,1114,0,0,0
3,0.2,-1,-1,5,1663,994,0,0,0
3,0.2,-1,-1,6,1724,1085,0,0,0
3,0.2,-1,-1,7,1602,989,0,0,0
3,0.2,-1,1,0,1769,1026,0,0,0
3,0.2,-1,1,1,1593,941,0,0,0
3,0.2,-1,1,2,1665,1004,0,0,0
3,0.2,-1,1,3,1581,994,0,0,0
3,0.2,-1,1,4,1858,1114,0,0,0
3,0.2,-1,1,5,1663,994,0,0,0
3,0.2,-1,1,6,1724,1085,0,0,0
3,0.2,-1,1,7,1602,989,0,0,0
3,0.2,1,-1,0,1769,1026,0,0,0
3,0.2,1,-1,1,1593,941,0,0,0
3,0.2,1,-1,2,1665,1004,0,0,0
3,0.2,1,-1,3,1581,994,0,0,0
3,0.2,1,-1,4,1858,1114,0,0,0
3,0.2,1,-1,5,1663,994,0,0,0
3,0.2,1,-1,6,1724,1085,0,0,0
3,0.2,1,-1,7,1602,989,0,0,0
3,0.2,1,1,0,1769,1026,0,0,0
3,0.2,1,1,1,1593,941,0,0,0
3,0.2,1,1,2,1665,1004,0,0,0
3,0.2,1,1,3,1581,994,0,0,0
3,0.2,1,1,4,1858,1114,0,0,0
3,0.2,1,1,5,1663,994,0,0,0
3,0.2,1,1,6,1724,1085,0,0,0
3,0.2,1,1,7,1602,989,0,0,0
3,0.35,-1,-1,0,1769,1026,0,0,0
3,0.35,-1,-1,1,1593,941,0,0,0
3,0.35,-1,-1,2,1665,1004,0,0,0
3,0.35,-1,-1,3,1581,994,0,0,0
3,0.35,-1,-1,4,1858,1114,0,0,0
3,0.35,-1,-1,5,1663,994,0,0,0
3,0.35,-1,-1,6,1724,1085,0,0,0
3,0.35,-1,-1,7,1602,989,0,0,0
3,0.35,-1,1,0,1769,1026,0,0,0
3,0.35,-1,1,1,1593,941,0,0,0
3,0.35,-1,1,2,1665,1004,0,0,0
3,0.35,-1,1,3,1581,994,0,0,0
3,0.35,-1,1,4,1858,1114,0,0,0
3,0.35,-1,1,5,1663,994,0,0,0
3,0.35,-1,1,6,1724,1085,0,0,0
3,0.35,-1,1,7,1602,989,0,0,0
3,0.35,1,-1,0,1769,1026,0,0,0
3,0.35,1,-1,1,1593,941,0,0,0
3,0.35,1,-1,2,1665,1004,0,0,0
3,0.35,1,-1,3,1581,994,0,0,0
3,0.35,1,-1,4,1858,1114,0,0,0
3,0.35,1,-1,5,1663,994,0,0,0
3,0.35,1,-1,6,1724,1085,0,0,0
3,0.35,1,-1,7,1602,989,0,0,0
3,0.35,1,1,0,1769,1026,0,0,0
3,0.35,1,1,1,1593,941,0,0,0
3,0.35,1,1,2,1665,1004,0,0,0
3,0.35,1,1,3,1581,994,0,0,0
3,0.35,1,1,4,1858,1114,0,0,0
3,0.35,1,1,5,1663,994,0,0,0
3,0.35,1,1,6,1724,1085,0,0,0
3,0.35,1,1,7,1602,989,0,0,0
3,0.5,-1,-1,0,1769,1026,0,0,0
3,0.5,-1,-1,1,1593,941,0,0,0
3,0.5,-1,-1,2,1665,1004,0,0,0
3,0.5,-1,-1,3,1581,994,0,0,0
3,0.5,-1,-1,4,1858,1114,0,0,0
3,0.5,-1,-1,5,1663,994,0,0,0
3,0.5,-1,-1,6,1724,1085,0,0,0
3,0.5,-1,-1,7,1602,989,0,0,0
3,0.5,-1,1,0,1769,1026,0,0,0
3,0.5,-1,1,1,1593,941,0,0,0
3,0.5,-1,1,2,1665,1004,0,0,0
3,0.5,-1,1,3,1581,994,0,0,0
3,0.5,-1,1,4,1858,1114,0,0,0
3,0.5,-1,1,5,1663,994,0,0,0
3,0.5,-1,1,6,1724,1085,0,0,0
3,0.5,-1,1,7,1602,989,0,0,0
3,0.5,1,-1,0,1769,1026,0,0,0
3,0.5,1,-1,1,1593,941,0,0,0
3,0.5,1,-1,2,1665,1004,0,0,0
3,0.5,1,-1,3,1581,994,0,0,0
3,0.5,1,-1,4,1858,1114,0,0,0
3,0.5,1,-1,5,1663,994,0,0,0
3,0.5,1,-1,6,1724,1085,0,0,0
3,0.5,1,-1,7,1602,989,0,0,0
3,0.5,1,1,0,1769,1026,0,0,0
3,0.5,1,1,1,1593,941,0,0,0
3,0.5,1,1,2,1665,1004,0,0,0
3,0.5,1,1,3,1581,994,0,0,0
3,0.5,1,1,4,1858,1114,0,0,0
3,0.5,1,1,5,1663,994,0,0,0
3,0.5,1,1,6,1724,1085,0,0,0
3,0.5,1,1,7,1602,989,0,0,0
3,0.65,-1,-1,0,1769,1026,0,0,0
3,0.65,-1,-1,1,1593,941,0,0,0
3,0.65,-1,-1,2,1665,1004,0,0,0
3,0.65,-1,-1,3,1581,994,0,0,0
3,0.65,-1,-1,4,1858,1114,0,0,0
3,0.65,-1,-1,5,1663,994,0,0,0
3,0.65,-1,-1,6,1724,1085,0,0,0
3,0.65,-1,-1,7,1602,989,0,0,0
3,0.65,-1,1,0,1769,1026,0,0,0
3,0.65,-1,1,1,1593,941,0,0,0
3,0.65,-1,1,2,1665,1004,0,0,0
3,0.65,-1,1,3,1581,994,0,0,0
3,0.65,-1,1,4,1858,1114,0,0,0
3,0.65,-1,1,5,1663,994,0,0,0
3,0.65,-1,1,6,1724,1085,0,0,0
3,0.65,-1,1,7,1602,989,0,0,0
3,0.65,1,-1,0,1769,1026,0,0,0
3,0.65,1,-1,1,1593,941,0,0,0
3,0.65,1,-1,2,1665,1004,0,0,0
3,0.65,1,-1,3,1581,994,0,0,0
3,0.65,1,-1,4,1858,1114,0,0,0
3,0.65,1,-1,5,1663,994,0,0,0
3,0.65,1,-1,6,1724,1085,0,0,0
3,0.65,1,-1,7,1602,989,0,0,0
3,0.65,1,1,0,1769,1026,0,0,0
3,0.65,1,1,1,1593,941,0,0,0
3,0.65,1,1,2,1665,1004,0,0,0
3,0.65,1,1,3,1581,994,0,0,0
3,0.65,1,1,4,1858,1114,0,0,0
3,0.65,1,1,5,1663,994,0,0,0
3,0.65,1,1,6,1724,1085,0,0,0
3,0.65,1,1,7,1602,989,0,0,0
3,0.8,-1,-1,0,1769,1026,0,0,0
3,0.8,-1,-1,1,1593,941,0,0,0
3,0.8,-1,-1,2,1665,1004,0,0,0
3,0.8,-1,-1,3,1581,994,0,0,0
3,0.8,-1,-1,4,1858,1114,0,0,0
3,0.8,-1,-1,5,1663,994,0,0,0
3,0.8,-1,-1,6,1724,1085,0,0,0
3,0.8,-1,-1,7,1602,989,0,0,0
3,0.8,-1,1,0,1769,1026,0,0,0
3,0.8,-1,1,1,1593,941,0,0,0
3,0.8,-1,1,2,1665,1004,0,0,0
3,0.8,-1,1,3,1581,994,0,0,0
3,0.8,-1,1,4,1858,1114,0,0,0
3,0.8,-1,1,5,1663,994,0,0,0
3,0.8,-1,1,6,1724,1085,0,0,0
3,0.8,-1,1,7,1602,989,0,0,0
3,0.8,1,-1,0,1769,1026,0,0,0
3,0.8,1,-1,1,1593,941,0,0,0
3,0.8,1,-1,2,1665,1004,0,0,0
3,0.8,1,-1,3,1581,994,0,0,0
3,0.8,1,-1,4,1858,1114,0,0,0
3,0.8,1,-1,5,1663,994,0,0,0
3,0.8,1,-1,6,1724,1085,0,0,0
3,0.8,1,-1,7,1602,989,0,0,0
3,0.8,1,1,0,1769,1026,0,0,0
3,0.8,1,1,1,1593,941,0,0,0
3,0.8,1,1,2,1665,1004,0,0,0
3,0.8,1,1,3,1581,994,0,0,0
3,0.8,1,1,4,1858,1114,0,0,0
3,0.8,1,1,5,1663,994,0,0,0
3,0.8,1,1,6,1724,1085,0,0,0
3,0.8,1,1,7,1602,989,0,0,0
4,0.2,-1,-1,0,1769,1026,0,0,0
4,0.2,-1,-1,1,1593,941,0,0,0
4,0.2,-1,-1,2,1665,1004,0,0,0
4,0.2,-1,-1,3,1581,994,0,0,0
4,0.2,-1,-1,4,1858,1114,0,0,0
4,0.2,-1,-1,5,1663,994,0,0,0
4,0.2,-1,-1,6,1724,1085,0,0,0
4,0.2,-1,-1,7,1602,989,0,0,0
4,0.2,-1,1,0,1769,1026,0,0,0
4,0.2,-1,1,1,1593,941,0,0,0
4,0.2,-1,1,2,1665,1004,0,0,0
4,0.2,-1,1,3,1581,994,0,0,0
4,0.2,-1,1,4,1858,1114,0,0,0
4,0.2,-1,1,5,1663,994,0,0,0
4,0.2,-1,1,6,1724,1085,0,0,0
4,0.2,-1,1,7,1602,989,0,0,0
4,0.2,1,-1,0,1769,1026,0,0,0
4,0.2,1,-1,1,1593,941,0,0,0
4,0.2,1,-1,2,1665,1004,0,0,0
4,0.2,1,-1,3,1581,994,0,0,0
4,0.2,1,-1,4,1858,1114,0,0,0
4,0.2,1,-1,5,1663,994,0,0,0
4,0.2,1,-1,6,1724,1085,0,0,0
4,0.2,1,-1,7,1602,989,0,0,0
4,0.2,1,1,0,1769,1026,0,0,0
4,0.2,1,1,1,1593,941,0,0,0
4,0.2,1,1,2,1665,1004,0,0,0
4,0.2,1,1,3,1581,994,0,0,0
4,0.2,1,1,4,1858,1114,0,0,0
4,0.2,1,1,5,1663,994,0,0,0
4,0.2,1,1,6,1724,1085,0,0,0
4,0.2,1,1,7,1602,989,0,0,0
4,0.35,-1,-1,0,1769,1026,0,0,0
4,0.35,-1,-1,1,1593,941,0,0,0
4,0.35,-1,-1,2,1665,1004,0,0,0
4,0.35,-1,-1,3,1581,994,0,0,0
4,0.35,-1,-1,4,1858,1114,0,0,0
4,0.35,-1,-1,5,1663,994,0,0,0
4,0.35,-1,-1,6,1724,1085,0,0,0
4,0.35,-1,-1,7,1602,989,0,0,0
4,0.35,-1,1,0,1769,1026,0,0,0
4,0.35,-1,1,1,1593,941,0,0,0
4,0.35,-1,1,2,1665,1004,0,0,0
4,0.35,-1,1,3,1581,994,0,0,0
4,0.35,-1,1,4,1858,1114,0,0,0
4,0.35,-1,1,5,1663,994,0,0,0
4,0.35,-1,1,6,1724,1085,0,0,0
4,0.35,-1,1,7,1602,989,0,0,0
4,0.35,1,-1,0,1769,1026,0,0,0
4,0.35,1,-1,1,1593,941,0,0,0
4,0.35,1,-1,2,1665,1004,0,0,0
4,0.35,1,-1,3,1581,994,0,0,0
4,0.35,1,-1,4,1858,1114,0,0,0
4,0.35,1,-1,5,1663,994,0,0,0
4,0.35,1,-1,6,1724,1085,0,0,0
4,0.35,1,-1,7,1602,989,0,0,0
4,0.35,1,1,0,1769,1026,0,0,0
4,0.35,1,1,1,1593,941,0,0,0
4,0.35,1,1,2,1665,1004,0,0,0
4,0.35,1,1,3,1581,994,0,0,0
4,0.35,1,1,4,1858,1114,0,0,0
4,0.35,1,1,5,1663,994,0,0,0
4,0.35,1,1,6,1724,1085,0,0,0
4,0.35,1,1,7,1602,989,0,0,0
4,0.5,-1,-1,0,1769,1026,0,0,0
4,0.5,-1,-1,1,1593,941,0,0,0
4,0.5,-1,-1,2,1665,1004,0,0,0
4,0.5,-1,-1,3,1581,994,0,0,0
4,0.5,-1,-1,4,1858,1114,0,0,0
4,0.5,-1,-1,5,1663,994,0,0,0
4,0.5,-1,-1,6,1724,1085,0,0,0
4,0.5,-1,-1,7,1602,989,0,0,0
4,0.5,-1,1,0,1769,1026,0,0,0
4,0.5,-1,1,1,1593,941,0,0,0
4,0.5,-1,1,2,1665,1004,0,0,0
4,0.5,-1,1,3,1581,994,0,0,0
4,0.5,-1,1,4,1858,1114,0,0,0
4,0.5,-1,1,5,1663,994,0,0,0
4,0.5,-1,1,6,1724,1085,0,0,0
4,0.5,-1,1,7,1602,989,0,0,0
4,0.5,1,-1,0,1769,1026,0,0,0
4,0.5,1,-1,1,1593,941,0,0,0
4,0.5,1,-1,2,1665,1004,0,0,0
4,0.5,1,-1,3,1581,994,0,0,0
4,0.5,1,-1,4,1858,1114,0,0,0
4,0.5,1,-1,5,1663,994,0,0,0
4,0.5,1,-1,6,1724,1085,0,0,0
4,0.5,1,-1,7,1602,989,0,0,0
4,0.5,1,1,0,1769,1026,0,0,0
4,0.5,1,1,1,1593,941,0,0,0
4,0.5,1,1,2,1665,1004,0,0,0
4,0.5,1,1,3,1581,994,0,0,0
4,0.5,1,1,4,1858,1114,0,0,0
4,0.5,1,1,5,1663,994,0,0,0
4,0.5,1,1,6,1724,1085,0,0,0
4,0.5,1,1,7,1602,989,0,0,0
4,0.65,-1,-1,0,1769,1026,0,0,0
4,0.65,-1,-1,1,1593,941,0,0,0
4,0.65,-1,-1,2,1665,1004,0,0,0
4,0.65,-1,-1,3,1581,994,0,0,0
4,0.65,-1,-1,4,1858,1114,0,0,0
4,0.65,-1,-1,5,1663,994,0,0,0
4,0.65,-1,-1,6,1724,1085,0,0,0
4,0.65,-1,-1,7,1602,989,0,0,0
4,0.65,-1,1,0,1769,1026,0,0,0
4,0.65,-1,1,1,1593,941,0,0,0
4,0.65,-1,1,2,1665,1004,0,0,0
4,0.65,-1,1,3,1581,994,0,0,0
4,0.65,-1,1,4,1858,1114,0,0,0
4,0.65,-1,1,5,1663,994,0,0,0
4,0.65,-1,1,6,1724,1085,0,0,0
4,0.65,-1,1,7,1602,989,0,0,0
4,0.65,1,-1,0,1769,1026,0,0,0
4,0.65,1,-1,1,1593,941,0,0,0
4,0.65,1,-1,2,1665,1004,0,0,0
4,0.65,1,-1,3,1581,994,0,0,0
4,0.65,1,-1,4,1858,1114,0,0,0
4,0.65,1,-1,5,1663,994,0,0,0
4,0.65,1,-1,6,1724,1085,0,0,0
4,0.65,1,-1,7,1602,989,0,0,0
4,0.65,1,1,0,1769,1026,0,0,0
4,0.65,1,1,1,1593,941,0,0,0
4,0.65,1,1,2,1665,1004,0,0,0
4,0.65,1,1,3,1581,994,0,0,0
4,0.65,1,1,4,1858,1114,0,0,0
4,0.65,1,1,5,1663,994,0,0,0
4,0.65,1,1,6,1724,1085,0,0,0
4,0.65,1,1,7,1602,989,0,0,0
4,0.8,-1,-1,0,1769,1026,0,0,0
4,0.8,-1,-1,1,1593,941,0,0,0
4,0.8,-1,-1,2,1665,1004,0,0,0
4,0.8,-1,-1,3,1581,994,0,0,0
4,0.8,-1,-1,4,1858,1114,0,0,0
4,0.8,-1,-1,5,1663,994,0,0,0
4,0.8,-1,-1,6,1724,1085,0,0,0
4,0.8,-1,-1,7,1602,989,0,0,0
4,0.8,-1,1,0,1769,1026,0,0,0
4,0.8,-1,1,1,1593,941,0,0,0
4,0.8,-1,1,2,1665,1004,0,0,0
4,0.8,-1,1,3,1581,994,0,0,0
4,0.8,-1,1,4,1858,1114,0,0,0
4,0.8,-1,1,5,1663,994,0,0,0
4,0.8,-1,1,6,1724,1085,0,0,0
4,0.8,-1,1,7,1602,989,0,0,0
4,0.8,1,-1,0,1769,1026,0,0,0
4,0.8,1,-1,1,1593,941,0,0,0
4,0.8,1,-1,2,1665,1004,0,0,0
4,0.8,1,-1,3,1581,994,0,0,0
4,0.8,1,-1,4,1858,1114,0,0,0
4,0.8,1,-1,5,1663,994,0,0,0
4,0.8,1,-1,6,1724,1085,0,0,0
4,0.8,1,-1,7,1602,989,0,0,0
4,0.8,1,1,0,1769,1026,0,0,0
4,0.8,1,1,1,1593,941,0,0,0
4,0.8,1,1,2,1665,1004,0,0,0
4,0.8,1,1,3,1581,994,0,0,0
4,0.8,1,1,4,1858,1114,0,0,0
4,0.8,1,1,5,1663,994,0,0,0
4,0.8,1,1,6,1724,1085,0,0,0
4,0.8,1,1,7,1602,989,0,0,0
5,0.2,-1,-1,0,1769,1026,0,0,0
5,0.2,-1,-1,1,1593,941,0,0,0
5,0.2,-1,-1,2,1665,1004,0,0,0
5,0.2,-1,-1,3,1581,994,0,0,0
5,0.2,-1,-1,4,1858,1114,0,0,0
5,0.2,-1,-1,5,1663,994,0,0,0
5,0.2,-1,-1,6,1724,1085,0,0,0
5,0.2,-1,-1,7,1602,989,0,0,0
5,0.2,-1,1,0,1769,1026,0,0,0
5,0.2,-1,1,1,1593,941,0,0,0
5,0.2,-1,1,2,1665,1004,0,0,0
5,0.2,-1,1,3,1581,994,0,0,0
5,0.2,-1,1,4,1858,1114,0,0,0
5,0.2,-1,1,5,1663,994,0,0,0
5,0.2,-1,1,6,1724,1085,0,0,0
5,0.2,-1,1,7,1602,989,0,0,0
5,0.2,1,-1,0,1769,1026,0,0,0
5,0.2,1,-1,1,1593,941,0,0,0
5,0.2,1,-1,2,1665,1004,0,0,0
5,0.2,1,-1,3,1581,994,0,0,0
5,0.2,1,-1,4,1858,1114,0,0,0
5,0.2,1,-1,5,1663,994,0,0,0
5,0.2,1,-1,6,1724,1085,0,0,0
5,0.2,1,-1,7,1602,989,0,0,0
5,0.2,1,1,0,1769,1026,0,0,0
5,0.2,1,1,1,1593,941,0,0,0
5,0.2,1,1,2,1665,1004,0,0,0
5,0.2,1,1,3,1581,994,0,0,0
5,0.2,1,1,4,1858,1114,0,0,0
5,0.2,1,1,5,1663,994,0,0,0
5,0.2,1,1,6,1724,1085,0,0,0
5,0.2,1,1,7,1602,989,0,0,0
5,0.35,-1,-1,0,1769,1026,0,0,0
5,0.35,-1,-1,1,1593,941,0,0,0
5,0.35,-1,-1,2,1665,1004,0,0,0
5,0.35,-1,-1,3,1581,994,0,0,0
5,0.35,-1,-1,4,1858,1114,0,0,0
5,0.35,-1,-1,5,1663,994,0,0,0
5,0.35,-1,-1,6,1724,1085,0,0,0
5,0.35,-1,-1,7,1602,989,0,0,0
5,0.35,-1,1,0,1769,1026,0,0,0
5,0.35,-1,1,1,1593,941,0,0,0
5,0.35,-1,1,2,1665,1004,0,0,0
5,0.35,-1,1,3,1581,994,0,0,0
5,0.35,-1,1,4,1858,1114,0,0,0
5,0.35,-1,1,5,1663,994,0,0,0
5,0.35,-1,1,6,1724,1085,0,0,0
5,0.35,-1,1,7,1602,989,0,0,0
5,0.35,1,-1,0,1769,1026,0,0,0
5,0.35,1,-1,1,1593,941,0,0,0
5,0.35,1,-1,2,1665,1004,0,0,0
5,0.35,1,-1,3,1581,994,0,0,0
5,0.35,1,-1,4,1858,1114,0,0,0
5,0.35,1,-1,5,1663,994,0,0,0
5,0.35,1,-1,6,1724,1085,0,0,0
5,0.35,1,-1,7,1602,989,0,0,0
5,0.35,1,1,0,1769,1026,0,0,0
5,0.35,1,1,1,1593,941,0,0,0
5,0.35,1,1,2,1665,1004,0,0,0
5,0.35,1,1,3,1581,994,0,0,0
5,0.35,1,1,4,1858,1114,0,0,0
5,0.35,1,1,5,1663,994,0,0,0
5,0.35,1,1,6,1724,1085,0,0,0
5,0.35,1,1,7,1602,989,0,0,0
5,0.5,-1,-1,0,1769,1026,0,0,0
5,0.5,-1,-1,1,1593,941,0,0,0
5,0.5,-1,-1,2,1665,1004,0,0,0
5,0.5,-1,-1,3,1581,994,0,0,0
5,0.5,-1,-1,4,1858,1114,0,0,0
5,0.5,-1,-1,5,1663,994,0,0,0
5,0.5,-1,-1,6,1724,1085,0,0,0
5,0.5,-1,-1,7,1602,989,0,0,0
5,0.5,-1,1,0,1769,1026,0,0,0
5,0.5,-1,1,1,1593,941,0,0,0
5,0.5,-1,1,2,1665,1004,0,0,0
5,0.5,-1,1,3,1581,994,0,0,0
5,0.5,-1,1,4,1858,1114,0,0,0
5,0.5,-1,1,5,1663,994,0,0,0
5,0.5,-1,1,6,1724,1085,0,0,0
5,0.5,-1,1,7,1602,989,0,0,0
5,0.5,1,-1,0,1769,1026,0,0,0
5,0.5,1,-1,1,1593,941,0,0,0
5,0.5,1,-1,2,1665,1004,0,0,0
5,0.5,1,-1,3,1581,994,0,0,0
5,0.5,1,-1,4,1858,1114,0,0,0
5,0.5,1,-1,5,1663,994,0,0,0
5,0.5,1,-1,6,1724,1085,0,0,0
5,0.5,1,-1,7,1602,989,0,0,0
5,0.5,1,1,0,1769,1026,0,0,0
5,0.5,1,1,1,1593,941,0,0,0
5,0.5,1,1,2,1665,1004,0,0,0
5,0.5,1,1,3,1581,994,0,0,0
5,0.5,1,1,4,1858,1114,0,0,0
5,0.5,1,1,5,1663,994,0,0,0
5,0.5,1,1,6,1724,1085,0,0,0
5,0.5,1,1,7,1602,989,0,0,0
5,0.65,-1,-1,0,1769,1026,0,0,0
5,0.65,-1,-1,1,1593,941,0,0,0
5,0.65,-1,-1,2,1665,1004,0,0,0
5,0.65,-1,-1,3,1581,994,0,0,0
5,0.65,-1,-1,4,1858,1114,0,0,0
5,0.65,-1,-1,5,1663,994,0,0,0
5,0.65,-1,-1,6,1724,1085,0,0,0
5,0.65,-1,-1,7,1602,989,0,0,0
5,0.65,-1,1,0,1769,1026,0,0,0
5,0.65,-1,1,1,1593,941,0,0,0
5,0.65,-1,1,2,1665,1004,0,0,0
5,0.65,-1,1,3,1581,994,0,0,0
5,0.65,-1,1,4,1858,1114,0,0,0
5,0.65,-1,1,5,1663,994,0,0,0
5,0.65,-1,1,6,1724,1085,0,0,0
5,0.65,-1,1,7,1602,989,0,0,0
5,0.65,1,-1,0,1769,1026,0,0,0
5,0.65,1,-1,1,1593,941,0,0,0
5,0.65,1,-1,2,1665,1004,0,0,0
5,0.65,1,-1,3,1581,994,0,0,0
5,0.65,1,-1,4,1858,1114,0,0,0
5,0.65,1,-1,5,1663,994,0,0,0
5,0.65,1,-1,6,1724,1085,0,0,0
5,0.65,1,-1,7,1602,989,0,0,0
5,0.65,1,1,0,1769,1026,0,0,0
5,0.65,1,1,1,1593,941,0,0,0
5,0.65,1,1,2,1665,1004,0,0,0
5,0.65,1,1,3,1581,994,0,0,0
5,0.65,1,1,4,1858,1114,0,0,0
5,0.65,1,1,5,1663,994,0,0,0
5,0.65,1,1,6,1724,1085,0,0,0
5,0.65,1,1,7,1602,989,0,0,0
5,0.8,-1,-1,0,1769,1026,0,0,0
5,0.8,-1,-1,1,1593,941,0,0,0
5,0.8,-1,-1,2,1665,1004,0,0,0
5,0.8,-1,-1,3,1581,994,0,0,0
5,0.8,-1,-1,4,1858,1114,0,0,0
5,0.8,-1,-1,5,1663,994,0,0,0
5,0.8,-1,-1,6,1724,1085,0,0,0
5,0.8,-1,-1,7,1602,989,0,0,0
5,0.8,-1,1,0,1769,1026,0,0,0
5,0.8,-1,1,1,1593,941,0,0,0
5,0.8,-1,1,2,1665,1004,0,0,0
5,0.8,-1,1,3,1581,994,0,0,0
5,0.8,-1,1,4,1858,1114,0,0,0
5,0.8,-1,1,5,1663,994,0,0,0
5,0.8,-1,1,6,1724,1085,0,0,0
5,0.8,-1,1,7,1602,989,0,0,0
5,0.8,1,-1,0,1769,1026,0,0,0
5,0.8,1,-1,1,1593,941,0,0,0
5,0.8,1,-1,2,1665,1004,0,0,0
5,0.8,1,-1,3,1581,994,0,0,0
5,0.8,1,-1,4,1858,1114,0,0,0
5,0.8,1,-1,5,1663,994,0,0,0
5,0.8,1,-1,6,1724,1085,0,0,0
5,0.8,1,-1,7,1602,989,0,0,0
5,0.8,1,1,0,1769,1026,0,0,0
5,0.8,1,1,1,1593,941,0,0,0
5,0.8,1,1,2,1665,1004,0,0,0
5,0.8,1,1,3,1581,994,0,0,0
5,0.8,1,1,4,1858,1114,0,0,0
5,0.8,1,1,5,1663,994,0,0,0
5,0.8,1,1,6,1724,1085,0,0,0
5,0.8,1,1,7,1602,989,0,0,0
