seconds,x,y,velocityX,velocityY,pace,stamina,grounded,stunned,launches,landed
0.020,-1.000,9.650,0.000,0.000,Idle,100.000,False,False,0,False
0.220,-1.000,9.588,0.000,0.000,Idle,100.000,True,False,0,False
0.420,-0.879,9.606,2.019,0.000,Run,98.200,True,False,0,False
0.620,-0.053,9.613,5.304,0.000,Run,94.600,True,False,0,False
0.820,1.008,9.615,5.304,0.000,Run,91.000,True,False,0,False
1.020,2.069,9.615,5.304,0.000,Run,87.400,True,False,0,False
1.220,3.129,9.615,5.304,0.000,Run,83.800,True,False,0,False
1.420,4.190,9.615,5.304,0.000,Run,80.200,True,False,0,False
1.620,5.251,9.615,5.304,0.000,Run,76.600,True,False,0,False
1.820,6.312,9.615,5.304,0.000,Run,73.000,True,False,0,False
2.020,7.372,9.615,5.304,0.000,Run,69.400,True,False,0,False
2.220,8.433,9.615,5.304,0.000,Run,65.800,True,False,0,False
2.420,9.494,9.615,5.304,0.000,Run,62.200,True,False,0,False
2.620,10.555,9.615,5.304,0.000,Run,58.600,True,False,0,False
2.820,11.615,9.615,5.304,0.000,Run,55.000,True,False,0,False
3.020,12.676,9.615,5.304,0.000,Run,51.400,True,False,0,False
3.220,13.737,9.615,5.304,0.000,Run,47.800,True,False,0,False
3.420,14.798,9.615,5.304,0.000,Run,44.200,True,False,0,False
3.620,15.858,9.615,5.304,0.000,Run,40.600,True,False,0,False
3.820,16.919,9.615,5.304,0.000,Run,37.000,True,False,0,False
4.020,17.980,9.615,5.304,0.000,Run,33.400,True,False,0,False
4.220,19.041,9.615,5.304,0.000,Run,29.800,True,False,0,False
4.420,20.101,9.615,5.304,0.000,Run,26.200,True,False,0,False
4.620,21.162,9.615,5.304,0.000,Run,22.600,True,False,0,False
4.820,22.223,9.615,5.304,0.000,Run,19.000,True,False,0,False
5.020,23.284,9.615,5.304,0.000,Run,15.400,True,False,0,False
5.220,24.345,9.615,5.304,0.000,Run,11.800,True,False,0,False
5.420,25.405,9.615,5.304,0.000,Run,8.200,True,False,0,False
5.620,26.466,9.615,5.304,0.000,Run,4.600,True,False,0,False
5.820,27.527,9.615,5.304,0.000,Run,1.000,True,False,0,False
5.880,27.845,9.615,5.304,0.000,Idle,0.000,True,True,0,False
